ISO-10303-21;
HEADER;
FILE_DESCRIPTION(('Open CASCADE Model'),'2;1');
FILE_NAME('Open CASCADE Shape Model','2026-09-28T19:12:56',('Author'),(
    'Open CASCADE'),'Open CASCADE STEP processor 7.9','Open CASCADE 7.9'
  ,'Unknown');
FILE_SCHEMA(('AUTOMOTIVE_DESIGN { 1 0 10303 214 1 1 1 1 }'));
ENDSEC;
DATA;
#1 = APPLICATION_PROTOCOL_DEFINITION('international standard',
  'automotive_design',2000,#2);
#2 = APPLICATION_CONTEXT(
  'core data for automotive mechanical design processes');
#3 = SHAPE_DEFINITION_REPRESENTATION(#4,#10);
#4 = PRODUCT_DEFINITION_SHAPE('','',#5);
#5 = PRODUCT_DEFINITION('design','',#6,#9);
#6 = PRODUCT_DEFINITION_FORMATION('','',#7);
#7 = PRODUCT('Open CASCADE STEP translator 7.9 20',
  'Open CASCADE STEP translator 7.9 20','',(#8));
#8 = PRODUCT_CONTEXT('',#2,'mechanical');
#9 = PRODUCT_DEFINITION_CONTEXT('part definition',#2,'design');
#10 = ADVANCED_BREP_SHAPE_REPRESENTATION('',(#11,#15),#2130);
#11 = AXIS2_PLACEMENT_3D('',#12,#13,#14);
#12 = CARTESIAN_POINT('',(0.,0.,0.));
#13 = DIRECTION('',(0.,0.,1.));
#14 = DIRECTION('',(1.,0.,-0.));
#15 = MANIFOLD_SOLID_BREP('',#16);
#16 = CLOSED_SHELL('',(#17,#193,#330,#411,#533,#644,#728,#807,#841,#974,
    #1114,#1232,#1259,#1466,#1595,#1654,#1681,#1689,#1715,#1813,#1820,
    #1936,#1963,#2059,#2086,#2113,#2120));
#17 = ADVANCED_FACE('',(#18),#32,.F.);
#18 = FACE_BOUND('',#19,.F.);
#19 = EDGE_LOOP('',(#20,#55,#83,#111,#139,#167));
#20 = ORIENTED_EDGE('',*,*,#21,.F.);
#21 = EDGE_CURVE('',#22,#24,#26,.T.);
#22 = VERTEX_POINT('',#23);
#23 = CARTESIAN_POINT('',(-11.85,-11.395,-5.95));
#24 = VERTEX_POINT('',#25);
#25 = CARTESIAN_POINT('',(-11.85,-11.395,-1.));
#26 = SURFACE_CURVE('',#27,(#31,#43),.PCURVE_S1.);
#27 = LINE('',#28,#29);
#28 = CARTESIAN_POINT('',(-11.85,-11.395,-5.95));
#29 = VECTOR('',#30,1.);
#30 = DIRECTION('',(0.,0.,1.));
#31 = PCURVE('',#32,#37);
#32 = PLANE('',#33);
#33 = AXIS2_PLACEMENT_3D('',#34,#35,#36);
#34 = CARTESIAN_POINT('',(-11.85,-11.395,-5.95));
#35 = DIRECTION('',(1.,0.,0.));
#36 = DIRECTION('',(0.,0.,1.));
#37 = DEFINITIONAL_REPRESENTATION('',(#38),#42);
#38 = LINE('',#39,#40);
#39 = CARTESIAN_POINT('',(0.,0.));
#40 = VECTOR('',#41,1.);
#41 = DIRECTION('',(1.,0.));
#42 = ( GEOMETRIC_REPRESENTATION_CONTEXT(2) 
PARAMETRIC_REPRESENTATION_CONTEXT() REPRESENTATION_CONTEXT('2D SPACE',''
  ) );
#43 = PCURVE('',#44,#49);
#44 = PLANE('',#45);
#45 = AXIS2_PLACEMENT_3D('',#46,#47,#48);
#46 = CARTESIAN_POINT('',(-11.85,-11.395,-5.95));
#47 = DIRECTION('',(0.,1.,0.));
#48 = DIRECTION('',(0.,0.,1.));
#49 = DEFINITIONAL_REPRESENTATION('',(#50),#54);
#50 = LINE('',#51,#52);
#51 = CARTESIAN_POINT('',(0.,0.));
#52 = VECTOR('',#53,1.);
#53 = DIRECTION('',(1.,0.));
#54 = ( GEOMETRIC_REPRESENTATION_CONTEXT(2) 
PARAMETRIC_REPRESENTATION_CONTEXT() REPRESENTATION_CONTEXT('2D SPACE',''
  ) );
#55 = ORIENTED_EDGE('',*,*,#56,.T.);
#56 = EDGE_CURVE('',#22,#57,#59,.T.);
#57 = VERTEX_POINT('',#58);
#58 = CARTESIAN_POINT('',(-11.85,11.395,-5.95));
#59 = SURFACE_CURVE('',#60,(#64,#71),.PCURVE_S1.);
#60 = LINE('',#61,#62);
#61 = CARTESIAN_POINT('',(-11.85,-11.395,-5.95));
#62 = VECTOR('',#63,1.);
#63 = DIRECTION('',(0.,1.,0.));
#64 = PCURVE('',#32,#65);
#65 = DEFINITIONAL_REPRESENTATION('',(#66),#70);
#66 = LINE('',#67,#68);
#67 = CARTESIAN_POINT('',(0.,0.));
#68 = VECTOR('',#69,1.);
#69 = DIRECTION('',(0.,-1.));
#70 = ( GEOMETRIC_REPRESENTATION_CONTEXT(2) 
PARAMETRIC_REPRESENTATION_CONTEXT() REPRESENTATION_CONTEXT('2D SPACE',''
  ) );
#71 = PCURVE('',#72,#77);
#72 = PLANE('',#73);
#73 = AXIS2_PLACEMENT_3D('',#74,#75,#76);
#74 = CARTESIAN_POINT('',(-11.85,-11.395,-5.95));
#75 = DIRECTION('',(0.,0.,1.));
#76 = DIRECTION('',(1.,0.,0.));
#77 = DEFINITIONAL_REPRESENTATION('',(#78),#82);
#78 = LINE('',#79,#80);
#79 = CARTESIAN_POINT('',(0.,0.));
#80 = VECTOR('',#81,1.);
#81 = DIRECTION('',(0.,1.));
#82 = ( GEOMETRIC_REPRESENTATION_CONTEXT(2) 
PARAMETRIC_REPRESENTATION_CONTEXT() REPRESENTATION_CONTEXT('2D SPACE',''
  ) );
#83 = ORIENTED_EDGE('',*,*,#84,.T.);
#84 = EDGE_CURVE('',#57,#85,#87,.T.);
#85 = VERTEX_POINT('',#86);
#86 = CARTESIAN_POINT('',(-11.85,11.395,5.95));
#87 = SURFACE_CURVE('',#88,(#92,#99),.PCURVE_S1.);
#88 = LINE('',#89,#90);
#89 = CARTESIAN_POINT('',(-11.85,11.395,-5.95));
#90 = VECTOR('',#91,1.);
#91 = DIRECTION('',(0.,0.,1.));
#92 = PCURVE('',#32,#93);
#93 = DEFINITIONAL_REPRESENTATION('',(#94),#98);
#94 = LINE('',#95,#96);
#95 = CARTESIAN_POINT('',(0.,-22.79));
#96 = VECTOR('',#97,1.);
#97 = DIRECTION('',(1.,0.));
#98 = ( GEOMETRIC_REPRESENTATION_CONTEXT(2) 
PARAMETRIC_REPRESENTATION_CONTEXT() REPRESENTATION_CONTEXT('2D SPACE',''
  ) );
#99 = PCURVE('',#100,#105);
#100 = PLANE('',#101);
#101 = AXIS2_PLACEMENT_3D('',#102,#103,#104);
#102 = CARTESIAN_POINT('',(-11.85,11.395,-5.95));
#103 = DIRECTION('',(0.,1.,0.));
#104 = DIRECTION('',(0.,0.,1.));
#105 = DEFINITIONAL_REPRESENTATION('',(#106),#110);
#106 = LINE('',#107,#108);
#107 = CARTESIAN_POINT('',(0.,0.));
#108 = VECTOR('',#109,1.);
#109 = DIRECTION('',(1.,0.));
#110 = ( GEOMETRIC_REPRESENTATION_CONTEXT(2) 
PARAMETRIC_REPRESENTATION_CONTEXT() REPRESENTATION_CONTEXT('2D SPACE',''
  ) );
#111 = ORIENTED_EDGE('',*,*,#112,.F.);
#112 = EDGE_CURVE('',#113,#85,#115,.T.);
#113 = VERTEX_POINT('',#114);
#114 = CARTESIAN_POINT('',(-11.85,-11.395,5.95));
#115 = SURFACE_CURVE('',#116,(#120,#127),.PCURVE_S1.);
#116 = LINE('',#117,#118);
#117 = CARTESIAN_POINT('',(-11.85,-11.395,5.95));
#118 = VECTOR('',#119,1.);
#119 = DIRECTION('',(0.,1.,0.));
#120 = PCURVE('',#32,#121);
#121 = DEFINITIONAL_REPRESENTATION('',(#122),#126);
#122 = LINE('',#123,#124);
#123 = CARTESIAN_POINT('',(11.9,0.));
#124 = VECTOR('',#125,1.);
#125 = DIRECTION('',(0.,-1.));
#126 = ( GEOMETRIC_REPRESENTATION_CONTEXT(2) 
PARAMETRIC_REPRESENTATION_CONTEXT() REPRESENTATION_CONTEXT('2D SPACE',''
  ) );
#127 = PCURVE('',#128,#133);
#128 = PLANE('',#129);
#129 = AXIS2_PLACEMENT_3D('',#130,#131,#132);
#130 = CARTESIAN_POINT('',(-11.85,-11.395,5.95));
#131 = DIRECTION('',(0.,0.,1.));
#132 = DIRECTION('',(1.,0.,0.));
#133 = DEFINITIONAL_REPRESENTATION('',(#134),#138);
#134 = LINE('',#135,#136);
#135 = CARTESIAN_POINT('',(0.,0.));
#136 = VECTOR('',#137,1.);
#137 = DIRECTION('',(0.,1.));
#138 = ( GEOMETRIC_REPRESENTATION_CONTEXT(2) 
PARAMETRIC_REPRESENTATION_CONTEXT() REPRESENTATION_CONTEXT('2D SPACE',''
  ) );
#139 = ORIENTED_EDGE('',*,*,#140,.F.);
#140 = EDGE_CURVE('',#141,#113,#143,.T.);
#141 = VERTEX_POINT('',#142);
#142 = CARTESIAN_POINT('',(-11.85,-11.395,1.));
#143 = SURFACE_CURVE('',#144,(#148,#155),.PCURVE_S1.);
#144 = LINE('',#145,#146);
#145 = CARTESIAN_POINT('',(-11.85,-11.395,-5.95));
#146 = VECTOR('',#147,1.);
#147 = DIRECTION('',(0.,0.,1.));
#148 = PCURVE('',#32,#149);
#149 = DEFINITIONAL_REPRESENTATION('',(#150),#154);
#150 = LINE('',#151,#152);
#151 = CARTESIAN_POINT('',(0.,0.));
#152 = VECTOR('',#153,1.);
#153 = DIRECTION('',(1.,0.));
#154 = ( GEOMETRIC_REPRESENTATION_CONTEXT(2) 
PARAMETRIC_REPRESENTATION_CONTEXT() REPRESENTATION_CONTEXT('2D SPACE',''
  ) );
#155 = PCURVE('',#156,#161);
#156 = PLANE('',#157);
#157 = AXIS2_PLACEMENT_3D('',#158,#159,#160);
#158 = CARTESIAN_POINT('',(-11.85,-11.395,-5.95));
#159 = DIRECTION('',(0.,1.,0.));
#160 = DIRECTION('',(0.,0.,1.));
#161 = DEFINITIONAL_REPRESENTATION('',(#162),#166);
#162 = LINE('',#163,#164);
#163 = CARTESIAN_POINT('',(0.,0.));
#164 = VECTOR('',#165,1.);
#165 = DIRECTION('',(1.,0.));
#166 = ( GEOMETRIC_REPRESENTATION_CONTEXT(2) 
PARAMETRIC_REPRESENTATION_CONTEXT() REPRESENTATION_CONTEXT('2D SPACE',''
  ) );
#167 = ORIENTED_EDGE('',*,*,#168,.F.);
#168 = EDGE_CURVE('',#24,#141,#169,.T.);
#169 = SURFACE_CURVE('',#170,(#174,#181),.PCURVE_S1.);
#170 = LINE('',#171,#172);
#171 = CARTESIAN_POINT('',(-11.85,-11.395,-5.95));
#172 = VECTOR('',#173,1.);
#173 = DIRECTION('',(0.,0.,1.));
#174 = PCURVE('',#32,#175);
#175 = DEFINITIONAL_REPRESENTATION('',(#176),#180);
#176 = LINE('',#177,#178);
#177 = CARTESIAN_POINT('',(0.,0.));
#178 = VECTOR('',#179,1.);
#179 = DIRECTION('',(1.,0.));
#180 = ( GEOMETRIC_REPRESENTATION_CONTEXT(2) 
PARAMETRIC_REPRESENTATION_CONTEXT() REPRESENTATION_CONTEXT('2D SPACE',''
  ) );
#181 = PCURVE('',#182,#187);
#182 = PLANE('',#183);
#183 = AXIS2_PLACEMENT_3D('',#184,#185,#186);
#184 = CARTESIAN_POINT('',(-22.5,-11.395,-1.));
#185 = DIRECTION('',(0.,1.,0.));
#186 = DIRECTION('',(0.,0.,1.));
#187 = DEFINITIONAL_REPRESENTATION('',(#188),#192);
#188 = LINE('',#189,#190);
#189 = CARTESIAN_POINT('',(-4.95,10.65));
#190 = VECTOR('',#191,1.);
#191 = DIRECTION('',(1.,0.));
#192 = ( GEOMETRIC_REPRESENTATION_CONTEXT(2) 
PARAMETRIC_REPRESENTATION_CONTEXT() REPRESENTATION_CONTEXT('2D SPACE',''
  ) );
#193 = ADVANCED_FACE('',(#194),#44,.F.);
#194 = FACE_BOUND('',#195,.F.);
#195 = EDGE_LOOP('',(#196,#226,#247,#248,#276,#309));
#196 = ORIENTED_EDGE('',*,*,#197,.F.);
#197 = EDGE_CURVE('',#198,#200,#202,.T.);
#198 = VERTEX_POINT('',#199);
#199 = CARTESIAN_POINT('',(11.85,-11.395,-5.95));
#200 = VERTEX_POINT('',#201);
#201 = CARTESIAN_POINT('',(11.85,-11.395,-1.));
#202 = SURFACE_CURVE('',#203,(#207,#214),.PCURVE_S1.);
#203 = LINE('',#204,#205);
#204 = CARTESIAN_POINT('',(11.85,-11.395,-5.95));
#205 = VECTOR('',#206,1.);
#206 = DIRECTION('',(0.,0.,1.));
#207 = PCURVE('',#44,#208);
#208 = DEFINITIONAL_REPRESENTATION('',(#209),#213);
#209 = LINE('',#210,#211);
#210 = CARTESIAN_POINT('',(0.,23.7));
#211 = VECTOR('',#212,1.);
#212 = DIRECTION('',(1.,0.));
#213 = ( GEOMETRIC_REPRESENTATION_CONTEXT(2) 
PARAMETRIC_REPRESENTATION_CONTEXT() REPRESENTATION_CONTEXT('2D SPACE',''
  ) );
#214 = PCURVE('',#215,#220);
#215 = PLANE('',#216);
#216 = AXIS2_PLACEMENT_3D('',#217,#218,#219);
#217 = CARTESIAN_POINT('',(11.85,-11.395,-5.95));
#218 = DIRECTION('',(1.,0.,0.));
#219 = DIRECTION('',(0.,0.,1.));
#220 = DEFINITIONAL_REPRESENTATION('',(#221),#225);
#221 = LINE('',#222,#223);
#222 = CARTESIAN_POINT('',(0.,0.));
#223 = VECTOR('',#224,1.);
#224 = DIRECTION('',(1.,0.));
#225 = ( GEOMETRIC_REPRESENTATION_CONTEXT(2) 
PARAMETRIC_REPRESENTATION_CONTEXT() REPRESENTATION_CONTEXT('2D SPACE',''
  ) );
#226 = ORIENTED_EDGE('',*,*,#227,.F.);
#227 = EDGE_CURVE('',#22,#198,#228,.T.);
#228 = SURFACE_CURVE('',#229,(#233,#240),.PCURVE_S1.);
#229 = LINE('',#230,#231);
#230 = CARTESIAN_POINT('',(-11.85,-11.395,-5.95));
#231 = VECTOR('',#232,1.);
#232 = DIRECTION('',(1.,0.,0.));
#233 = PCURVE('',#44,#234);
#234 = DEFINITIONAL_REPRESENTATION('',(#235),#239);
#235 = LINE('',#236,#237);
#236 = CARTESIAN_POINT('',(0.,0.));
#237 = VECTOR('',#238,1.);
#238 = DIRECTION('',(0.,1.));
#239 = ( GEOMETRIC_REPRESENTATION_CONTEXT(2) 
PARAMETRIC_REPRESENTATION_CONTEXT() REPRESENTATION_CONTEXT('2D SPACE',''
  ) );
#240 = PCURVE('',#72,#241);
#241 = DEFINITIONAL_REPRESENTATION('',(#242),#246);
#242 = LINE('',#243,#244);
#243 = CARTESIAN_POINT('',(0.,0.));
#244 = VECTOR('',#245,1.);
#245 = DIRECTION('',(1.,0.));
#246 = ( GEOMETRIC_REPRESENTATION_CONTEXT(2) 
PARAMETRIC_REPRESENTATION_CONTEXT() REPRESENTATION_CONTEXT('2D SPACE',''
  ) );
#247 = ORIENTED_EDGE('',*,*,#21,.T.);
#248 = ORIENTED_EDGE('',*,*,#249,.T.);
#249 = EDGE_CURVE('',#24,#250,#252,.T.);
#250 = VERTEX_POINT('',#251);
#251 = CARTESIAN_POINT('',(-1.778088861671,-11.395,-1.));
#252 = SURFACE_CURVE('',#253,(#257,#264),.PCURVE_S1.);
#253 = LINE('',#254,#255);
#254 = CARTESIAN_POINT('',(-22.5,-11.395,-1.));
#255 = VECTOR('',#256,1.);
#256 = DIRECTION('',(1.,0.,0.));
#257 = PCURVE('',#44,#258);
#258 = DEFINITIONAL_REPRESENTATION('',(#259),#263);
#259 = LINE('',#260,#261);
#260 = CARTESIAN_POINT('',(4.95,-10.65));
#261 = VECTOR('',#262,1.);
#262 = DIRECTION('',(0.,1.));
#263 = ( GEOMETRIC_REPRESENTATION_CONTEXT(2) 
PARAMETRIC_REPRESENTATION_CONTEXT() REPRESENTATION_CONTEXT('2D SPACE',''
  ) );
#264 = PCURVE('',#265,#270);
#265 = PLANE('',#266);
#266 = AXIS2_PLACEMENT_3D('',#267,#268,#269);
#267 = CARTESIAN_POINT('',(-22.5,-101.395,-1.));
#268 = DIRECTION('',(0.,0.,1.));
#269 = DIRECTION('',(1.,0.,0.));
#270 = DEFINITIONAL_REPRESENTATION('',(#271),#275);
#271 = LINE('',#272,#273);
#272 = CARTESIAN_POINT('',(0.,90.));
#273 = VECTOR('',#274,1.);
#274 = DIRECTION('',(1.,0.));
#275 = ( GEOMETRIC_REPRESENTATION_CONTEXT(2) 
PARAMETRIC_REPRESENTATION_CONTEXT() REPRESENTATION_CONTEXT('2D SPACE',''
  ) );
#276 = ORIENTED_EDGE('',*,*,#277,.T.);
#277 = EDGE_CURVE('',#250,#278,#280,.T.);
#278 = VERTEX_POINT('',#279);
#279 = CARTESIAN_POINT('',(1.778088861671,-11.395,-1.));
#280 = SURFACE_CURVE('',#281,(#286,#297),.PCURVE_S1.);
#281 = CIRCLE('',#282,2.04);
#282 = AXIS2_PLACEMENT_3D('',#283,#284,#285);
#283 = CARTESIAN_POINT('',(0.,-11.395,0.));
#284 = DIRECTION('',(0.,-1.,0.));
#285 = DIRECTION('',(1.,0.,0.));
#286 = PCURVE('',#44,#287);
#287 = DEFINITIONAL_REPRESENTATION('',(#288),#296);
#288 = ( BOUNDED_CURVE() B_SPLINE_CURVE(2,(#289,#290,#291,#292,#293,#294
,#295),.UNSPECIFIED.,.T.,.F.) B_SPLINE_CURVE_WITH_KNOTS((1,2,2,2,2,1),(
    -2.094395102393,0.,2.094395102393,4.188790204786,6.28318530718,
8.377580409573),.UNSPECIFIED.) CURVE() GEOMETRIC_REPRESENTATION_ITEM() 
RATIONAL_B_SPLINE_CURVE((1.,0.5,1.,0.5,1.,0.5,1.)) REPRESENTATION_ITEM(
  '') );
#289 = CARTESIAN_POINT('',(5.95,13.89));
#290 = CARTESIAN_POINT('',(9.483383647441,13.89));
#291 = CARTESIAN_POINT('',(7.71669182372,10.83));
#292 = CARTESIAN_POINT('',(5.95,7.77));
#293 = CARTESIAN_POINT('',(4.18330817628,10.83));
#294 = CARTESIAN_POINT('',(2.416616352559,13.89));
#295 = CARTESIAN_POINT('',(5.95,13.89));
#296 = ( GEOMETRIC_REPRESENTATION_CONTEXT(2) 
PARAMETRIC_REPRESENTATION_CONTEXT() REPRESENTATION_CONTEXT('2D SPACE',''
  ) );
#297 = PCURVE('',#298,#303);
#298 = CYLINDRICAL_SURFACE('',#299,2.04);
#299 = AXIS2_PLACEMENT_3D('',#300,#301,#302);
#300 = CARTESIAN_POINT('',(0.,16.395,0.));
#301 = DIRECTION('',(0.,-1.,0.));
#302 = DIRECTION('',(1.,0.,0.));
#303 = DEFINITIONAL_REPRESENTATION('',(#304),#308);
#304 = LINE('',#305,#306);
#305 = CARTESIAN_POINT('',(0.,27.79));
#306 = VECTOR('',#307,1.);
#307 = DIRECTION('',(1.,0.));
#308 = ( GEOMETRIC_REPRESENTATION_CONTEXT(2) 
PARAMETRIC_REPRESENTATION_CONTEXT() REPRESENTATION_CONTEXT('2D SPACE',''
  ) );
#309 = ORIENTED_EDGE('',*,*,#310,.T.);
#310 = EDGE_CURVE('',#278,#200,#311,.T.);
#311 = SURFACE_CURVE('',#312,(#316,#323),.PCURVE_S1.);
#312 = LINE('',#313,#314);
#313 = CARTESIAN_POINT('',(-22.5,-11.395,-1.));
#314 = VECTOR('',#315,1.);
#315 = DIRECTION('',(1.,0.,0.));
#316 = PCURVE('',#44,#317);
#317 = DEFINITIONAL_REPRESENTATION('',(#318),#322);
#318 = LINE('',#319,#320);
#319 = CARTESIAN_POINT('',(4.95,-10.65));
#320 = VECTOR('',#321,1.);
#321 = DIRECTION('',(0.,1.));
#322 = ( GEOMETRIC_REPRESENTATION_CONTEXT(2) 
PARAMETRIC_REPRESENTATION_CONTEXT() REPRESENTATION_CONTEXT('2D SPACE',''
  ) );
#323 = PCURVE('',#265,#324);
#324 = DEFINITIONAL_REPRESENTATION('',(#325),#329);
#325 = LINE('',#326,#327);
#326 = CARTESIAN_POINT('',(0.,90.));
#327 = VECTOR('',#328,1.);
#328 = DIRECTION('',(1.,0.));
#329 = ( GEOMETRIC_REPRESENTATION_CONTEXT(2) 
PARAMETRIC_REPRESENTATION_CONTEXT() REPRESENTATION_CONTEXT('2D SPACE',''
  ) );
#330 = ADVANCED_FACE('',(#331),#182,.T.);
#331 = FACE_BOUND('',#332,.T.);
#332 = EDGE_LOOP('',(#333,#356,#384,#410));
#333 = ORIENTED_EDGE('',*,*,#334,.F.);
#334 = EDGE_CURVE('',#335,#24,#337,.T.);
#335 = VERTEX_POINT('',#336);
#336 = CARTESIAN_POINT('',(-22.5,-11.395,-1.));
#337 = SURFACE_CURVE('',#338,(#342,#349),.PCURVE_S1.);
#338 = LINE('',#339,#340);
#339 = CARTESIAN_POINT('',(-22.5,-11.395,-1.));
#340 = VECTOR('',#341,1.);
#341 = DIRECTION('',(1.,0.,0.));
#342 = PCURVE('',#182,#343);
#343 = DEFINITIONAL_REPRESENTATION('',(#344),#348);
#344 = LINE('',#345,#346);
#345 = CARTESIAN_POINT('',(0.,0.));
#346 = VECTOR('',#347,1.);
#347 = DIRECTION('',(0.,1.));
#348 = ( GEOMETRIC_REPRESENTATION_CONTEXT(2) 
PARAMETRIC_REPRESENTATION_CONTEXT() REPRESENTATION_CONTEXT('2D SPACE',''
  ) );
#349 = PCURVE('',#265,#350);
#350 = DEFINITIONAL_REPRESENTATION('',(#351),#355);
#351 = LINE('',#352,#353);
#352 = CARTESIAN_POINT('',(0.,90.));
#353 = VECTOR('',#354,1.);
#354 = DIRECTION('',(1.,0.));
#355 = ( GEOMETRIC_REPRESENTATION_CONTEXT(2) 
PARAMETRIC_REPRESENTATION_CONTEXT() REPRESENTATION_CONTEXT('2D SPACE',''
  ) );
#356 = ORIENTED_EDGE('',*,*,#357,.T.);
#357 = EDGE_CURVE('',#335,#358,#360,.T.);
#358 = VERTEX_POINT('',#359);
#359 = CARTESIAN_POINT('',(-22.5,-11.395,1.));
#360 = SURFACE_CURVE('',#361,(#365,#372),.PCURVE_S1.);
#361 = LINE('',#362,#363);
#362 = CARTESIAN_POINT('',(-22.5,-11.395,-1.));
#363 = VECTOR('',#364,1.);
#364 = DIRECTION('',(0.,0.,1.));
#365 = PCURVE('',#182,#366);
#366 = DEFINITIONAL_REPRESENTATION('',(#367),#371);
#367 = LINE('',#368,#369);
#368 = CARTESIAN_POINT('',(0.,0.));
#369 = VECTOR('',#370,1.);
#370 = DIRECTION('',(1.,0.));
#371 = ( GEOMETRIC_REPRESENTATION_CONTEXT(2) 
PARAMETRIC_REPRESENTATION_CONTEXT() REPRESENTATION_CONTEXT('2D SPACE',''
  ) );
#372 = PCURVE('',#373,#378);
#373 = PLANE('',#374);
#374 = AXIS2_PLACEMENT_3D('',#375,#376,#377);
#375 = CARTESIAN_POINT('',(-22.5,-101.395,-1.));
#376 = DIRECTION('',(1.,0.,0.));
#377 = DIRECTION('',(0.,0.,1.));
#378 = DEFINITIONAL_REPRESENTATION('',(#379),#383);
#379 = LINE('',#380,#381);
#380 = CARTESIAN_POINT('',(0.,-90.));
#381 = VECTOR('',#382,1.);
#382 = DIRECTION('',(1.,0.));
#383 = ( GEOMETRIC_REPRESENTATION_CONTEXT(2) 
PARAMETRIC_REPRESENTATION_CONTEXT() REPRESENTATION_CONTEXT('2D SPACE',''
  ) );
#384 = ORIENTED_EDGE('',*,*,#385,.T.);
#385 = EDGE_CURVE('',#358,#141,#386,.T.);
#386 = SURFACE_CURVE('',#387,(#391,#398),.PCURVE_S1.);
#387 = LINE('',#388,#389);
#388 = CARTESIAN_POINT('',(-22.5,-11.395,1.));
#389 = VECTOR('',#390,1.);
#390 = DIRECTION('',(1.,0.,0.));
#391 = PCURVE('',#182,#392);
#392 = DEFINITIONAL_REPRESENTATION('',(#393),#397);
#393 = LINE('',#394,#395);
#394 = CARTESIAN_POINT('',(2.,0.));
#395 = VECTOR('',#396,1.);
#396 = DIRECTION('',(0.,1.));
#397 = ( GEOMETRIC_REPRESENTATION_CONTEXT(2) 
PARAMETRIC_REPRESENTATION_CONTEXT() REPRESENTATION_CONTEXT('2D SPACE',''
  ) );
#398 = PCURVE('',#399,#404);
#399 = PLANE('',#400);
#400 = AXIS2_PLACEMENT_3D('',#401,#402,#403);
#401 = CARTESIAN_POINT('',(-22.5,-101.395,1.));
#402 = DIRECTION('',(0.,0.,1.));
#403 = DIRECTION('',(1.,0.,0.));
#404 = DEFINITIONAL_REPRESENTATION('',(#405),#409);
#405 = LINE('',#406,#407);
#406 = CARTESIAN_POINT('',(0.,90.));
#407 = VECTOR('',#408,1.);
#408 = DIRECTION('',(1.,0.));
#409 = ( GEOMETRIC_REPRESENTATION_CONTEXT(2) 
PARAMETRIC_REPRESENTATION_CONTEXT() REPRESENTATION_CONTEXT('2D SPACE',''
  ) );
#410 = ORIENTED_EDGE('',*,*,#168,.F.);
#411 = ADVANCED_FACE('',(#412),#156,.F.);
#412 = FACE_BOUND('',#413,.F.);
#413 = EDGE_LOOP('',(#414,#439,#462,#490,#511,#512));
#414 = ORIENTED_EDGE('',*,*,#415,.F.);
#415 = EDGE_CURVE('',#416,#418,#420,.T.);
#416 = VERTEX_POINT('',#417);
#417 = CARTESIAN_POINT('',(11.85,-11.395,1.));
#418 = VERTEX_POINT('',#419);
#419 = CARTESIAN_POINT('',(11.85,-11.395,5.95));
#420 = SURFACE_CURVE('',#421,(#425,#432),.PCURVE_S1.);
#421 = LINE('',#422,#423);
#422 = CARTESIAN_POINT('',(11.85,-11.395,-5.95));
#423 = VECTOR('',#424,1.);
#424 = DIRECTION('',(0.,0.,1.));
#425 = PCURVE('',#156,#426);
#426 = DEFINITIONAL_REPRESENTATION('',(#427),#431);
#427 = LINE('',#428,#429);
#428 = CARTESIAN_POINT('',(0.,23.7));
#429 = VECTOR('',#430,1.);
#430 = DIRECTION('',(1.,0.));
#431 = ( GEOMETRIC_REPRESENTATION_CONTEXT(2) 
PARAMETRIC_REPRESENTATION_CONTEXT() REPRESENTATION_CONTEXT('2D SPACE',''
  ) );
#432 = PCURVE('',#215,#433);
#433 = DEFINITIONAL_REPRESENTATION('',(#434),#438);
#434 = LINE('',#435,#436);
#435 = CARTESIAN_POINT('',(0.,0.));
#436 = VECTOR('',#437,1.);
#437 = DIRECTION('',(1.,0.));
#438 = ( GEOMETRIC_REPRESENTATION_CONTEXT(2) 
PARAMETRIC_REPRESENTATION_CONTEXT() REPRESENTATION_CONTEXT('2D SPACE',''
  ) );
#439 = ORIENTED_EDGE('',*,*,#440,.F.);
#440 = EDGE_CURVE('',#441,#416,#443,.T.);
#441 = VERTEX_POINT('',#442);
#442 = CARTESIAN_POINT('',(1.778088861671,-11.395,1.));
#443 = SURFACE_CURVE('',#444,(#448,#455),.PCURVE_S1.);
#444 = LINE('',#445,#446);
#445 = CARTESIAN_POINT('',(-22.5,-11.395,1.));
#446 = VECTOR('',#447,1.);
#447 = DIRECTION('',(1.,0.,0.));
#448 = PCURVE('',#156,#449);
#449 = DEFINITIONAL_REPRESENTATION('',(#450),#454);
#450 = LINE('',#451,#452);
#451 = CARTESIAN_POINT('',(6.95,-10.65));
#452 = VECTOR('',#453,1.);
#453 = DIRECTION('',(0.,1.));
#454 = ( GEOMETRIC_REPRESENTATION_CONTEXT(2) 
PARAMETRIC_REPRESENTATION_CONTEXT() REPRESENTATION_CONTEXT('2D SPACE',''
  ) );
#455 = PCURVE('',#399,#456);
#456 = DEFINITIONAL_REPRESENTATION('',(#457),#461);
#457 = LINE('',#458,#459);
#458 = CARTESIAN_POINT('',(0.,90.));
#459 = VECTOR('',#460,1.);
#460 = DIRECTION('',(1.,0.));
#461 = ( GEOMETRIC_REPRESENTATION_CONTEXT(2) 
PARAMETRIC_REPRESENTATION_CONTEXT() REPRESENTATION_CONTEXT('2D SPACE',''
  ) );
#462 = ORIENTED_EDGE('',*,*,#463,.T.);
#463 = EDGE_CURVE('',#441,#464,#466,.T.);
#464 = VERTEX_POINT('',#465);
#465 = CARTESIAN_POINT('',(-1.778088861671,-11.395,1.));
#466 = SURFACE_CURVE('',#467,(#472,#483),.PCURVE_S1.);
#467 = CIRCLE('',#468,2.04);
#468 = AXIS2_PLACEMENT_3D('',#469,#470,#471);
#469 = CARTESIAN_POINT('',(0.,-11.395,0.));
#470 = DIRECTION('',(0.,-1.,0.));
#471 = DIRECTION('',(1.,0.,0.));
#472 = PCURVE('',#156,#473);
#473 = DEFINITIONAL_REPRESENTATION('',(#474),#482);
#474 = ( BOUNDED_CURVE() B_SPLINE_CURVE(2,(#475,#476,#477,#478,#479,#480
,#481),.UNSPECIFIED.,.T.,.F.) B_SPLINE_CURVE_WITH_KNOTS((1,2,2,2,2,1),(
    -2.094395102393,0.,2.094395102393,4.188790204786,6.28318530718,
8.377580409573),.UNSPECIFIED.) CURVE() GEOMETRIC_REPRESENTATION_ITEM() 
RATIONAL_B_SPLINE_CURVE((1.,0.5,1.,0.5,1.,0.5,1.)) REPRESENTATION_ITEM(
  '') );
#475 = CARTESIAN_POINT('',(5.95,13.89));
#476 = CARTESIAN_POINT('',(9.483383647441,13.89));
#477 = CARTESIAN_POINT('',(7.71669182372,10.83));
#478 = CARTESIAN_POINT('',(5.95,7.77));
#479 = CARTESIAN_POINT('',(4.18330817628,10.83));
#480 = CARTESIAN_POINT('',(2.416616352559,13.89));
#481 = CARTESIAN_POINT('',(5.95,13.89));
#482 = ( GEOMETRIC_REPRESENTATION_CONTEXT(2) 
PARAMETRIC_REPRESENTATION_CONTEXT() REPRESENTATION_CONTEXT('2D SPACE',''
  ) );
#483 = PCURVE('',#298,#484);
#484 = DEFINITIONAL_REPRESENTATION('',(#485),#489);
#485 = LINE('',#486,#487);
#486 = CARTESIAN_POINT('',(0.,27.79));
#487 = VECTOR('',#488,1.);
#488 = DIRECTION('',(1.,0.));
#489 = ( GEOMETRIC_REPRESENTATION_CONTEXT(2) 
PARAMETRIC_REPRESENTATION_CONTEXT() REPRESENTATION_CONTEXT('2D SPACE',''
  ) );
#490 = ORIENTED_EDGE('',*,*,#491,.F.);
#491 = EDGE_CURVE('',#141,#464,#492,.T.);
#492 = SURFACE_CURVE('',#493,(#497,#504),.PCURVE_S1.);
#493 = LINE('',#494,#495);
#494 = CARTESIAN_POINT('',(-22.5,-11.395,1.));
#495 = VECTOR('',#496,1.);
#496 = DIRECTION('',(1.,0.,0.));
#497 = PCURVE('',#156,#498);
#498 = DEFINITIONAL_REPRESENTATION('',(#499),#503);
#499 = LINE('',#500,#501);
#500 = CARTESIAN_POINT('',(6.95,-10.65));
#501 = VECTOR('',#502,1.);
#502 = DIRECTION('',(0.,1.));
#503 = ( GEOMETRIC_REPRESENTATION_CONTEXT(2) 
PARAMETRIC_REPRESENTATION_CONTEXT() REPRESENTATION_CONTEXT('2D SPACE',''
  ) );
#504 = PCURVE('',#399,#505);
#505 = DEFINITIONAL_REPRESENTATION('',(#506),#510);
#506 = LINE('',#507,#508);
#507 = CARTESIAN_POINT('',(0.,90.));
#508 = VECTOR('',#509,1.);
#509 = DIRECTION('',(1.,0.));
#510 = ( GEOMETRIC_REPRESENTATION_CONTEXT(2) 
PARAMETRIC_REPRESENTATION_CONTEXT() REPRESENTATION_CONTEXT('2D SPACE',''
  ) );
#511 = ORIENTED_EDGE('',*,*,#140,.T.);
#512 = ORIENTED_EDGE('',*,*,#513,.T.);
#513 = EDGE_CURVE('',#113,#418,#514,.T.);
#514 = SURFACE_CURVE('',#515,(#519,#526),.PCURVE_S1.);
#515 = LINE('',#516,#517);
#516 = CARTESIAN_POINT('',(-11.85,-11.395,5.95));
#517 = VECTOR('',#518,1.);
#518 = DIRECTION('',(1.,0.,0.));
#519 = PCURVE('',#156,#520);
#520 = DEFINITIONAL_REPRESENTATION('',(#521),#525);
#521 = LINE('',#522,#523);
#522 = CARTESIAN_POINT('',(11.9,0.));
#523 = VECTOR('',#524,1.);
#524 = DIRECTION('',(0.,1.));
#525 = ( GEOMETRIC_REPRESENTATION_CONTEXT(2) 
PARAMETRIC_REPRESENTATION_CONTEXT() REPRESENTATION_CONTEXT('2D SPACE',''
  ) );
#526 = PCURVE('',#128,#527);
#527 = DEFINITIONAL_REPRESENTATION('',(#528),#532);
#528 = LINE('',#529,#530);
#529 = CARTESIAN_POINT('',(0.,0.));
#530 = VECTOR('',#531,1.);
#531 = DIRECTION('',(1.,0.));
#532 = ( GEOMETRIC_REPRESENTATION_CONTEXT(2) 
PARAMETRIC_REPRESENTATION_CONTEXT() REPRESENTATION_CONTEXT('2D SPACE',''
  ) );
#533 = ADVANCED_FACE('',(#534,#582,#613),#128,.T.);
#534 = FACE_BOUND('',#535,.T.);
#535 = EDGE_LOOP('',(#536,#537,#538,#561));
#536 = ORIENTED_EDGE('',*,*,#112,.F.);
#537 = ORIENTED_EDGE('',*,*,#513,.T.);
#538 = ORIENTED_EDGE('',*,*,#539,.T.);
#539 = EDGE_CURVE('',#418,#540,#542,.T.);
#540 = VERTEX_POINT('',#541);
#541 = CARTESIAN_POINT('',(11.85,11.395,5.95));
#542 = SURFACE_CURVE('',#543,(#547,#554),.PCURVE_S1.);
#543 = LINE('',#544,#545);
#544 = CARTESIAN_POINT('',(11.85,-11.395,5.95));
#545 = VECTOR('',#546,1.);
#546 = DIRECTION('',(0.,1.,0.));
#547 = PCURVE('',#128,#548);
#548 = DEFINITIONAL_REPRESENTATION('',(#549),#553);
#549 = LINE('',#550,#551);
#550 = CARTESIAN_POINT('',(23.7,0.));
#551 = VECTOR('',#552,1.);
#552 = DIRECTION('',(0.,1.));
#553 = ( GEOMETRIC_REPRESENTATION_CONTEXT(2) 
PARAMETRIC_REPRESENTATION_CONTEXT() REPRESENTATION_CONTEXT('2D SPACE',''
  ) );
#554 = PCURVE('',#215,#555);
#555 = DEFINITIONAL_REPRESENTATION('',(#556),#560);
#556 = LINE('',#557,#558);
#557 = CARTESIAN_POINT('',(11.9,0.));
#558 = VECTOR('',#559,1.);
#559 = DIRECTION('',(0.,-1.));
#560 = ( GEOMETRIC_REPRESENTATION_CONTEXT(2) 
PARAMETRIC_REPRESENTATION_CONTEXT() REPRESENTATION_CONTEXT('2D SPACE',''
  ) );
#561 = ORIENTED_EDGE('',*,*,#562,.F.);
#562 = EDGE_CURVE('',#85,#540,#563,.T.);
#563 = SURFACE_CURVE('',#564,(#568,#575),.PCURVE_S1.);
#564 = LINE('',#565,#566);
#565 = CARTESIAN_POINT('',(-11.85,11.395,5.95));
#566 = VECTOR('',#567,1.);
#567 = DIRECTION('',(1.,0.,0.));
#568 = PCURVE('',#128,#569);
#569 = DEFINITIONAL_REPRESENTATION('',(#570),#574);
#570 = LINE('',#571,#572);
#571 = CARTESIAN_POINT('',(0.,22.79));
#572 = VECTOR('',#573,1.);
#573 = DIRECTION('',(1.,0.));
#574 = ( GEOMETRIC_REPRESENTATION_CONTEXT(2) 
PARAMETRIC_REPRESENTATION_CONTEXT() REPRESENTATION_CONTEXT('2D SPACE',''
  ) );
#575 = PCURVE('',#100,#576);
#576 = DEFINITIONAL_REPRESENTATION('',(#577),#581);
#577 = LINE('',#578,#579);
#578 = CARTESIAN_POINT('',(11.9,0.));
#579 = VECTOR('',#580,1.);
#580 = DIRECTION('',(0.,1.));
#581 = ( GEOMETRIC_REPRESENTATION_CONTEXT(2) 
PARAMETRIC_REPRESENTATION_CONTEXT() REPRESENTATION_CONTEXT('2D SPACE',''
  ) );
#582 = FACE_BOUND('',#583,.T.);
#583 = EDGE_LOOP('',(#584));
#584 = ORIENTED_EDGE('',*,*,#585,.F.);
#585 = EDGE_CURVE('',#586,#586,#588,.T.);
#586 = VERTEX_POINT('',#587);
#587 = CARTESIAN_POINT('',(-9.05,-2.694222958124E-16,5.95));
#588 = SURFACE_CURVE('',#589,(#594,#601),.PCURVE_S1.);
#589 = CIRCLE('',#590,1.1);
#590 = AXIS2_PLACEMENT_3D('',#591,#592,#593);
#591 = CARTESIAN_POINT('',(-10.15,0.,5.95));
#592 = DIRECTION('',(0.,0.,1.));
#593 = DIRECTION('',(1.,0.,-0.));
#594 = PCURVE('',#128,#595);
#595 = DEFINITIONAL_REPRESENTATION('',(#596),#600);
#596 = CIRCLE('',#597,1.1);
#597 = AXIS2_PLACEMENT_2D('',#598,#599);
#598 = CARTESIAN_POINT('',(1.7,11.395));
#599 = DIRECTION('',(1.,0.));
#600 = ( GEOMETRIC_REPRESENTATION_CONTEXT(2) 
PARAMETRIC_REPRESENTATION_CONTEXT() REPRESENTATION_CONTEXT('2D SPACE',''
  ) );
#601 = PCURVE('',#602,#607);
#602 = CYLINDRICAL_SURFACE('',#603,1.1);
#603 = AXIS2_PLACEMENT_3D('',#604,#605,#606);
#604 = CARTESIAN_POINT('',(-10.15,0.,-8.95));
#605 = DIRECTION('',(0.,0.,1.));
#606 = DIRECTION('',(1.,0.,0.));
#607 = DEFINITIONAL_REPRESENTATION('',(#608),#612);
#608 = LINE('',#609,#610);
#609 = CARTESIAN_POINT('',(0.,14.9));
#610 = VECTOR('',#611,1.);
#611 = DIRECTION('',(1.,0.));
#612 = ( GEOMETRIC_REPRESENTATION_CONTEXT(2) 
PARAMETRIC_REPRESENTATION_CONTEXT() REPRESENTATION_CONTEXT('2D SPACE',''
  ) );
#613 = FACE_BOUND('',#614,.T.);
#614 = EDGE_LOOP('',(#615));
#615 = ORIENTED_EDGE('',*,*,#616,.F.);
#616 = EDGE_CURVE('',#617,#617,#619,.T.);
#617 = VERTEX_POINT('',#618);
#618 = CARTESIAN_POINT('',(11.25,-2.694222958124E-16,5.95));
#619 = SURFACE_CURVE('',#620,(#625,#632),.PCURVE_S1.);
#620 = CIRCLE('',#621,1.1);
#621 = AXIS2_PLACEMENT_3D('',#622,#623,#624);
#622 = CARTESIAN_POINT('',(10.15,0.,5.95));
#623 = DIRECTION('',(0.,0.,1.));
#624 = DIRECTION('',(1.,0.,-0.));
#625 = PCURVE('',#128,#626);
#626 = DEFINITIONAL_REPRESENTATION('',(#627),#631);
#627 = CIRCLE('',#628,1.1);
#628 = AXIS2_PLACEMENT_2D('',#629,#630);
#629 = CARTESIAN_POINT('',(22.,11.395));
#630 = DIRECTION('',(1.,0.));
#631 = ( GEOMETRIC_REPRESENTATION_CONTEXT(2) 
PARAMETRIC_REPRESENTATION_CONTEXT() REPRESENTATION_CONTEXT('2D SPACE',''
  ) );
#632 = PCURVE('',#633,#638);
#633 = CYLINDRICAL_SURFACE('',#634,1.1);
#634 = AXIS2_PLACEMENT_3D('',#635,#636,#637);
#635 = CARTESIAN_POINT('',(10.15,0.,-8.95));
#636 = DIRECTION('',(0.,0.,1.));
#637 = DIRECTION('',(1.,0.,0.));
#638 = DEFINITIONAL_REPRESENTATION('',(#639),#643);
#639 = LINE('',#640,#641);
#640 = CARTESIAN_POINT('',(0.,14.9));
#641 = VECTOR('',#642,1.);
#642 = DIRECTION('',(1.,0.));
#643 = ( GEOMETRIC_REPRESENTATION_CONTEXT(2) 
PARAMETRIC_REPRESENTATION_CONTEXT() REPRESENTATION_CONTEXT('2D SPACE',''
  ) );
#644 = ADVANCED_FACE('',(#645,#693),#100,.T.);
#645 = FACE_BOUND('',#646,.T.);
#646 = EDGE_LOOP('',(#647,#670,#671,#672));
#647 = ORIENTED_EDGE('',*,*,#648,.F.);
#648 = EDGE_CURVE('',#57,#649,#651,.T.);
#649 = VERTEX_POINT('',#650);
#650 = CARTESIAN_POINT('',(11.85,11.395,-5.95));
#651 = SURFACE_CURVE('',#652,(#656,#663),.PCURVE_S1.);
#652 = LINE('',#653,#654);
#653 = CARTESIAN_POINT('',(-11.85,11.395,-5.95));
#654 = VECTOR('',#655,1.);
#655 = DIRECTION('',(1.,0.,0.));
#656 = PCURVE('',#100,#657);
#657 = DEFINITIONAL_REPRESENTATION('',(#658),#662);
#658 = LINE('',#659,#660);
#659 = CARTESIAN_POINT('',(0.,0.));
#660 = VECTOR('',#661,1.);
#661 = DIRECTION('',(0.,1.));
#662 = ( GEOMETRIC_REPRESENTATION_CONTEXT(2) 
PARAMETRIC_REPRESENTATION_CONTEXT() REPRESENTATION_CONTEXT('2D SPACE',''
  ) );
#663 = PCURVE('',#72,#664);
#664 = DEFINITIONAL_REPRESENTATION('',(#665),#669);
#665 = LINE('',#666,#667);
#666 = CARTESIAN_POINT('',(0.,22.79));
#667 = VECTOR('',#668,1.);
#668 = DIRECTION('',(1.,0.));
#669 = ( GEOMETRIC_REPRESENTATION_CONTEXT(2) 
PARAMETRIC_REPRESENTATION_CONTEXT() REPRESENTATION_CONTEXT('2D SPACE',''
  ) );
#670 = ORIENTED_EDGE('',*,*,#84,.T.);
#671 = ORIENTED_EDGE('',*,*,#562,.T.);
#672 = ORIENTED_EDGE('',*,*,#673,.F.);
#673 = EDGE_CURVE('',#649,#540,#674,.T.);
#674 = SURFACE_CURVE('',#675,(#679,#686),.PCURVE_S1.);
#675 = LINE('',#676,#677);
#676 = CARTESIAN_POINT('',(11.85,11.395,-5.95));
#677 = VECTOR('',#678,1.);
#678 = DIRECTION('',(0.,0.,1.));
#679 = PCURVE('',#100,#680);
#680 = DEFINITIONAL_REPRESENTATION('',(#681),#685);
#681 = LINE('',#682,#683);
#682 = CARTESIAN_POINT('',(0.,23.7));
#683 = VECTOR('',#684,1.);
#684 = DIRECTION('',(1.,0.));
#685 = ( GEOMETRIC_REPRESENTATION_CONTEXT(2) 
PARAMETRIC_REPRESENTATION_CONTEXT() REPRESENTATION_CONTEXT('2D SPACE',''
  ) );
#686 = PCURVE('',#215,#687);
#687 = DEFINITIONAL_REPRESENTATION('',(#688),#692);
#688 = LINE('',#689,#690);
#689 = CARTESIAN_POINT('',(0.,-22.79));
#690 = VECTOR('',#691,1.);
#691 = DIRECTION('',(1.,0.));
#692 = ( GEOMETRIC_REPRESENTATION_CONTEXT(2) 
PARAMETRIC_REPRESENTATION_CONTEXT() REPRESENTATION_CONTEXT('2D SPACE',''
  ) );
#693 = FACE_BOUND('',#694,.T.);
#694 = EDGE_LOOP('',(#695));
#695 = ORIENTED_EDGE('',*,*,#696,.T.);
#696 = EDGE_CURVE('',#697,#697,#699,.T.);
#697 = VERTEX_POINT('',#698);
#698 = CARTESIAN_POINT('',(2.04,11.395,-4.996558940521E-16));
#699 = SURFACE_CURVE('',#700,(#705,#716),.PCURVE_S1.);
#700 = CIRCLE('',#701,2.04);
#701 = AXIS2_PLACEMENT_3D('',#702,#703,#704);
#702 = CARTESIAN_POINT('',(0.,11.395,0.));
#703 = DIRECTION('',(0.,-1.,0.));
#704 = DIRECTION('',(1.,0.,0.));
#705 = PCURVE('',#100,#706);
#706 = DEFINITIONAL_REPRESENTATION('',(#707),#715);
#707 = ( BOUNDED_CURVE() B_SPLINE_CURVE(2,(#708,#709,#710,#711,#712,#713
,#714),.UNSPECIFIED.,.T.,.F.) B_SPLINE_CURVE_WITH_KNOTS((1,2,2,2,2,1),(
    -2.094395102393,0.,2.094395102393,4.188790204786,6.28318530718,
8.377580409573),.UNSPECIFIED.) CURVE() GEOMETRIC_REPRESENTATION_ITEM() 
RATIONAL_B_SPLINE_CURVE((1.,0.5,1.,0.5,1.,0.5,1.)) REPRESENTATION_ITEM(
  '') );
#708 = CARTESIAN_POINT('',(5.95,13.89));
#709 = CARTESIAN_POINT('',(9.483383647441,13.89));
#710 = CARTESIAN_POINT('',(7.71669182372,10.83));
#711 = CARTESIAN_POINT('',(5.95,7.77));
#712 = CARTESIAN_POINT('',(4.18330817628,10.83));
#713 = CARTESIAN_POINT('',(2.416616352559,13.89));
#714 = CARTESIAN_POINT('',(5.95,13.89));
#715 = ( GEOMETRIC_REPRESENTATION_CONTEXT(2) 
PARAMETRIC_REPRESENTATION_CONTEXT() REPRESENTATION_CONTEXT('2D SPACE',''
  ) );
#716 = PCURVE('',#717,#722);
#717 = CYLINDRICAL_SURFACE('',#718,2.04);
#718 = AXIS2_PLACEMENT_3D('',#719,#720,#721);
#719 = CARTESIAN_POINT('',(0.,16.395,0.));
#720 = DIRECTION('',(0.,-1.,0.));
#721 = DIRECTION('',(1.,0.,0.));
#722 = DEFINITIONAL_REPRESENTATION('',(#723),#727);
#723 = LINE('',#724,#725);
#724 = CARTESIAN_POINT('',(0.,5.));
#725 = VECTOR('',#726,1.);
#726 = DIRECTION('',(1.,0.));
#727 = ( GEOMETRIC_REPRESENTATION_CONTEXT(2) 
PARAMETRIC_REPRESENTATION_CONTEXT() REPRESENTATION_CONTEXT('2D SPACE',''
  ) );
#728 = ADVANCED_FACE('',(#729,#755,#781),#72,.F.);
#729 = FACE_BOUND('',#730,.F.);
#730 = EDGE_LOOP('',(#731,#732,#733,#754));
#731 = ORIENTED_EDGE('',*,*,#56,.F.);
#732 = ORIENTED_EDGE('',*,*,#227,.T.);
#733 = ORIENTED_EDGE('',*,*,#734,.T.);
#734 = EDGE_CURVE('',#198,#649,#735,.T.);
#735 = SURFACE_CURVE('',#736,(#740,#747),.PCURVE_S1.);
#736 = LINE('',#737,#738);
#737 = CARTESIAN_POINT('',(11.85,-11.395,-5.95));
#738 = VECTOR('',#739,1.);
#739 = DIRECTION('',(0.,1.,0.));
#740 = PCURVE('',#72,#741);
#741 = DEFINITIONAL_REPRESENTATION('',(#742),#746);
#742 = LINE('',#743,#744);
#743 = CARTESIAN_POINT('',(23.7,0.));
#744 = VECTOR('',#745,1.);
#745 = DIRECTION('',(0.,1.));
#746 = ( GEOMETRIC_REPRESENTATION_CONTEXT(2) 
PARAMETRIC_REPRESENTATION_CONTEXT() REPRESENTATION_CONTEXT('2D SPACE',''
  ) );
#747 = PCURVE('',#215,#748);
#748 = DEFINITIONAL_REPRESENTATION('',(#749),#753);
#749 = LINE('',#750,#751);
#750 = CARTESIAN_POINT('',(0.,0.));
#751 = VECTOR('',#752,1.);
#752 = DIRECTION('',(0.,-1.));
#753 = ( GEOMETRIC_REPRESENTATION_CONTEXT(2) 
PARAMETRIC_REPRESENTATION_CONTEXT() REPRESENTATION_CONTEXT('2D SPACE',''
  ) );
#754 = ORIENTED_EDGE('',*,*,#648,.F.);
#755 = FACE_BOUND('',#756,.F.);
#756 = EDGE_LOOP('',(#757));
#757 = ORIENTED_EDGE('',*,*,#758,.F.);
#758 = EDGE_CURVE('',#759,#759,#761,.T.);
#759 = VERTEX_POINT('',#760);
#760 = CARTESIAN_POINT('',(-9.05,-2.694222958124E-16,-5.95));
#761 = SURFACE_CURVE('',#762,(#767,#774),.PCURVE_S1.);
#762 = CIRCLE('',#763,1.1);
#763 = AXIS2_PLACEMENT_3D('',#764,#765,#766);
#764 = CARTESIAN_POINT('',(-10.15,0.,-5.95));
#765 = DIRECTION('',(0.,0.,1.));
#766 = DIRECTION('',(1.,0.,-0.));
#767 = PCURVE('',#72,#768);
#768 = DEFINITIONAL_REPRESENTATION('',(#769),#773);
#769 = CIRCLE('',#770,1.1);
#770 = AXIS2_PLACEMENT_2D('',#771,#772);
#771 = CARTESIAN_POINT('',(1.7,11.395));
#772 = DIRECTION('',(1.,0.));
#773 = ( GEOMETRIC_REPRESENTATION_CONTEXT(2) 
PARAMETRIC_REPRESENTATION_CONTEXT() REPRESENTATION_CONTEXT('2D SPACE',''
  ) );
#774 = PCURVE('',#602,#775);
#775 = DEFINITIONAL_REPRESENTATION('',(#776),#780);
#776 = LINE('',#777,#778);
#777 = CARTESIAN_POINT('',(0.,3.));
#778 = VECTOR('',#779,1.);
#779 = DIRECTION('',(1.,0.));
#780 = ( GEOMETRIC_REPRESENTATION_CONTEXT(2) 
PARAMETRIC_REPRESENTATION_CONTEXT() REPRESENTATION_CONTEXT('2D SPACE',''
  ) );
#781 = FACE_BOUND('',#782,.F.);
#782 = EDGE_LOOP('',(#783));
#783 = ORIENTED_EDGE('',*,*,#784,.F.);
#784 = EDGE_CURVE('',#785,#785,#787,.T.);
#785 = VERTEX_POINT('',#786);
#786 = CARTESIAN_POINT('',(11.25,-2.694222958124E-16,-5.95));
#787 = SURFACE_CURVE('',#788,(#793,#800),.PCURVE_S1.);
#788 = CIRCLE('',#789,1.1);
#789 = AXIS2_PLACEMENT_3D('',#790,#791,#792);
#790 = CARTESIAN_POINT('',(10.15,0.,-5.95));
#791 = DIRECTION('',(0.,0.,1.));
#792 = DIRECTION('',(1.,0.,-0.));
#793 = PCURVE('',#72,#794);
#794 = DEFINITIONAL_REPRESENTATION('',(#795),#799);
#795 = CIRCLE('',#796,1.1);
#796 = AXIS2_PLACEMENT_2D('',#797,#798);
#797 = CARTESIAN_POINT('',(22.,11.395));
#798 = DIRECTION('',(1.,0.));
#799 = ( GEOMETRIC_REPRESENTATION_CONTEXT(2) 
PARAMETRIC_REPRESENTATION_CONTEXT() REPRESENTATION_CONTEXT('2D SPACE',''
  ) );
#800 = PCURVE('',#633,#801);
#801 = DEFINITIONAL_REPRESENTATION('',(#802),#806);
#802 = LINE('',#803,#804);
#803 = CARTESIAN_POINT('',(0.,3.));
#804 = VECTOR('',#805,1.);
#805 = DIRECTION('',(1.,0.));
#806 = ( GEOMETRIC_REPRESENTATION_CONTEXT(2) 
PARAMETRIC_REPRESENTATION_CONTEXT() REPRESENTATION_CONTEXT('2D SPACE',''
  ) );
#807 = ADVANCED_FACE('',(#808),#215,.T.);
#808 = FACE_BOUND('',#809,.T.);
#809 = EDGE_LOOP('',(#810,#811,#812,#813,#814,#815));
#810 = ORIENTED_EDGE('',*,*,#197,.F.);
#811 = ORIENTED_EDGE('',*,*,#734,.T.);
#812 = ORIENTED_EDGE('',*,*,#673,.T.);
#813 = ORIENTED_EDGE('',*,*,#539,.F.);
#814 = ORIENTED_EDGE('',*,*,#415,.F.);
#815 = ORIENTED_EDGE('',*,*,#816,.F.);
#816 = EDGE_CURVE('',#200,#416,#817,.T.);
#817 = SURFACE_CURVE('',#818,(#822,#829),.PCURVE_S1.);
#818 = LINE('',#819,#820);
#819 = CARTESIAN_POINT('',(11.85,-11.395,-5.95));
#820 = VECTOR('',#821,1.);
#821 = DIRECTION('',(0.,0.,1.));
#822 = PCURVE('',#215,#823);
#823 = DEFINITIONAL_REPRESENTATION('',(#824),#828);
#824 = LINE('',#825,#826);
#825 = CARTESIAN_POINT('',(0.,0.));
#826 = VECTOR('',#827,1.);
#827 = DIRECTION('',(1.,0.));
#828 = ( GEOMETRIC_REPRESENTATION_CONTEXT(2) 
PARAMETRIC_REPRESENTATION_CONTEXT() REPRESENTATION_CONTEXT('2D SPACE',''
  ) );
#829 = PCURVE('',#830,#835);
#830 = PLANE('',#831);
#831 = AXIS2_PLACEMENT_3D('',#832,#833,#834);
#832 = CARTESIAN_POINT('',(-22.5,-11.395,-1.));
#833 = DIRECTION('',(0.,1.,0.));
#834 = DIRECTION('',(0.,0.,1.));
#835 = DEFINITIONAL_REPRESENTATION('',(#836),#840);
#836 = LINE('',#837,#838);
#837 = CARTESIAN_POINT('',(-4.95,34.35));
#838 = VECTOR('',#839,1.);
#839 = DIRECTION('',(1.,0.));
#840 = ( GEOMETRIC_REPRESENTATION_CONTEXT(2) 
PARAMETRIC_REPRESENTATION_CONTEXT() REPRESENTATION_CONTEXT('2D SPACE',''
  ) );
#841 = ADVANCED_FACE('',(#842),#265,.F.);
#842 = FACE_BOUND('',#843,.F.);
#843 = EDGE_LOOP('',(#844,#845,#868,#897,#925,#946,#947,#973));
#844 = ORIENTED_EDGE('',*,*,#334,.F.);
#845 = ORIENTED_EDGE('',*,*,#846,.F.);
#846 = EDGE_CURVE('',#847,#335,#849,.T.);
#847 = VERTEX_POINT('',#848);
#848 = CARTESIAN_POINT('',(-22.5,-101.395,-1.));
#849 = SURFACE_CURVE('',#850,(#854,#861),.PCURVE_S1.);
#850 = LINE('',#851,#852);
#851 = CARTESIAN_POINT('',(-22.5,-101.395,-1.));
#852 = VECTOR('',#853,1.);
#853 = DIRECTION('',(0.,1.,0.));
#854 = PCURVE('',#265,#855);
#855 = DEFINITIONAL_REPRESENTATION('',(#856),#860);
#856 = LINE('',#857,#858);
#857 = CARTESIAN_POINT('',(0.,0.));
#858 = VECTOR('',#859,1.);
#859 = DIRECTION('',(0.,1.));
#860 = ( GEOMETRIC_REPRESENTATION_CONTEXT(2) 
PARAMETRIC_REPRESENTATION_CONTEXT() REPRESENTATION_CONTEXT('2D SPACE',''
  ) );
#861 = PCURVE('',#373,#862);
#862 = DEFINITIONAL_REPRESENTATION('',(#863),#867);
#863 = LINE('',#864,#865);
#864 = CARTESIAN_POINT('',(0.,0.));
#865 = VECTOR('',#866,1.);
#866 = DIRECTION('',(0.,-1.));
#867 = ( GEOMETRIC_REPRESENTATION_CONTEXT(2) 
PARAMETRIC_REPRESENTATION_CONTEXT() REPRESENTATION_CONTEXT('2D SPACE',''
  ) );
#868 = ORIENTED_EDGE('',*,*,#869,.T.);
#869 = EDGE_CURVE('',#847,#870,#872,.T.);
#870 = VERTEX_POINT('',#871);
#871 = CARTESIAN_POINT('',(32.5,-101.395,-1.));
#872 = SURFACE_CURVE('',#873,(#878,#885),.PCURVE_S1.);
#873 = CIRCLE('',#874,27.5);
#874 = AXIS2_PLACEMENT_3D('',#875,#876,#877);
#875 = CARTESIAN_POINT('',(5.,-101.395,-1.));
#876 = DIRECTION('',(0.,0.,1.));
#877 = DIRECTION('',(1.,0.,0.));
#878 = PCURVE('',#265,#879);
#879 = DEFINITIONAL_REPRESENTATION('',(#880),#884);
#880 = CIRCLE('',#881,27.5);
#881 = AXIS2_PLACEMENT_2D('',#882,#883);
#882 = CARTESIAN_POINT('',(27.5,0.));
#883 = DIRECTION('',(1.,0.));
#884 = ( GEOMETRIC_REPRESENTATION_CONTEXT(2) 
PARAMETRIC_REPRESENTATION_CONTEXT() REPRESENTATION_CONTEXT('2D SPACE',''
  ) );
#885 = PCURVE('',#886,#891);
#886 = CYLINDRICAL_SURFACE('',#887,27.5);
#887 = AXIS2_PLACEMENT_3D('',#888,#889,#890);
#888 = CARTESIAN_POINT('',(5.,-101.395,-1.));
#889 = DIRECTION('',(0.,0.,1.));
#890 = DIRECTION('',(1.,0.,0.));
#891 = DEFINITIONAL_REPRESENTATION('',(#892),#896);
#892 = LINE('',#893,#894);
#893 = CARTESIAN_POINT('',(0.,0.));
#894 = VECTOR('',#895,1.);
#895 = DIRECTION('',(1.,0.));
#896 = ( GEOMETRIC_REPRESENTATION_CONTEXT(2) 
PARAMETRIC_REPRESENTATION_CONTEXT() REPRESENTATION_CONTEXT('2D SPACE',''
  ) );
#897 = ORIENTED_EDGE('',*,*,#898,.T.);
#898 = EDGE_CURVE('',#870,#899,#901,.T.);
#899 = VERTEX_POINT('',#900);
#900 = CARTESIAN_POINT('',(32.5,-11.395,-1.));
#901 = SURFACE_CURVE('',#902,(#906,#913),.PCURVE_S1.);
#902 = LINE('',#903,#904);
#903 = CARTESIAN_POINT('',(32.5,-101.395,-1.));
#904 = VECTOR('',#905,1.);
#905 = DIRECTION('',(0.,1.,0.));
#906 = PCURVE('',#265,#907);
#907 = DEFINITIONAL_REPRESENTATION('',(#908),#912);
#908 = LINE('',#909,#910);
#909 = CARTESIAN_POINT('',(55.,0.));
#910 = VECTOR('',#911,1.);
#911 = DIRECTION('',(0.,1.));
#912 = ( GEOMETRIC_REPRESENTATION_CONTEXT(2) 
PARAMETRIC_REPRESENTATION_CONTEXT() REPRESENTATION_CONTEXT('2D SPACE',''
  ) );
#913 = PCURVE('',#914,#919);
#914 = PLANE('',#915);
#915 = AXIS2_PLACEMENT_3D('',#916,#917,#918);
#916 = CARTESIAN_POINT('',(32.5,-101.395,-1.));
#917 = DIRECTION('',(1.,0.,0.));
#918 = DIRECTION('',(0.,0.,1.));
#919 = DEFINITIONAL_REPRESENTATION('',(#920),#924);
#920 = LINE('',#921,#922);
#921 = CARTESIAN_POINT('',(0.,0.));
#922 = VECTOR('',#923,1.);
#923 = DIRECTION('',(0.,-1.));
#924 = ( GEOMETRIC_REPRESENTATION_CONTEXT(2) 
PARAMETRIC_REPRESENTATION_CONTEXT() REPRESENTATION_CONTEXT('2D SPACE',''
  ) );
#925 = ORIENTED_EDGE('',*,*,#926,.F.);
#926 = EDGE_CURVE('',#200,#899,#927,.T.);
#927 = SURFACE_CURVE('',#928,(#932,#939),.PCURVE_S1.);
#928 = LINE('',#929,#930);
#929 = CARTESIAN_POINT('',(-22.5,-11.395,-1.));
#930 = VECTOR('',#931,1.);
#931 = DIRECTION('',(1.,0.,0.));
#932 = PCURVE('',#265,#933);
#933 = DEFINITIONAL_REPRESENTATION('',(#934),#938);
#934 = LINE('',#935,#936);
#935 = CARTESIAN_POINT('',(0.,90.));
#936 = VECTOR('',#937,1.);
#937 = DIRECTION('',(1.,0.));
#938 = ( GEOMETRIC_REPRESENTATION_CONTEXT(2) 
PARAMETRIC_REPRESENTATION_CONTEXT() REPRESENTATION_CONTEXT('2D SPACE',''
  ) );
#939 = PCURVE('',#830,#940);
#940 = DEFINITIONAL_REPRESENTATION('',(#941),#945);
#941 = LINE('',#942,#943);
#942 = CARTESIAN_POINT('',(0.,0.));
#943 = VECTOR('',#944,1.);
#944 = DIRECTION('',(0.,1.));
#945 = ( GEOMETRIC_REPRESENTATION_CONTEXT(2) 
PARAMETRIC_REPRESENTATION_CONTEXT() REPRESENTATION_CONTEXT('2D SPACE',''
  ) );
#946 = ORIENTED_EDGE('',*,*,#310,.F.);
#947 = ORIENTED_EDGE('',*,*,#948,.F.);
#948 = EDGE_CURVE('',#250,#278,#949,.T.);
#949 = SURFACE_CURVE('',#950,(#954,#961),.PCURVE_S1.);
#950 = LINE('',#951,#952);
#951 = CARTESIAN_POINT('',(-22.5,-11.395,-1.));
#952 = VECTOR('',#953,1.);
#953 = DIRECTION('',(1.,0.,0.));
#954 = PCURVE('',#265,#955);
#955 = DEFINITIONAL_REPRESENTATION('',(#956),#960);
#956 = LINE('',#957,#958);
#957 = CARTESIAN_POINT('',(0.,90.));
#958 = VECTOR('',#959,1.);
#959 = DIRECTION('',(1.,0.));
#960 = ( GEOMETRIC_REPRESENTATION_CONTEXT(2) 
PARAMETRIC_REPRESENTATION_CONTEXT() REPRESENTATION_CONTEXT('2D SPACE',''
  ) );
#961 = PCURVE('',#962,#967);
#962 = PLANE('',#963);
#963 = AXIS2_PLACEMENT_3D('',#964,#965,#966);
#964 = CARTESIAN_POINT('',(-22.5,-11.395,-1.));
#965 = DIRECTION('',(0.,1.,0.));
#966 = DIRECTION('',(0.,0.,1.));
#967 = DEFINITIONAL_REPRESENTATION('',(#968),#972);
#968 = LINE('',#969,#970);
#969 = CARTESIAN_POINT('',(0.,0.));
#970 = VECTOR('',#971,1.);
#971 = DIRECTION('',(0.,1.));
#972 = ( GEOMETRIC_REPRESENTATION_CONTEXT(2) 
PARAMETRIC_REPRESENTATION_CONTEXT() REPRESENTATION_CONTEXT('2D SPACE',''
  ) );
#973 = ORIENTED_EDGE('',*,*,#249,.F.);
#974 = ADVANCED_FACE('',(#975),#298,.F.);
#975 = FACE_BOUND('',#976,.F.);
#976 = EDGE_LOOP('',(#977,#1002,#1028,#1029,#1055,#1056,#1082,#1083));
#977 = ORIENTED_EDGE('',*,*,#978,.T.);
#978 = EDGE_CURVE('',#979,#981,#983,.T.);
#979 = VERTEX_POINT('',#980);
#980 = CARTESIAN_POINT('',(2.04,-9.895,-4.996558940521E-16));
#981 = VERTEX_POINT('',#982);
#982 = CARTESIAN_POINT('',(2.04,-11.395,-4.996558940521E-16));
#983 = SEAM_CURVE('',#984,(#988,#995),.PCURVE_S1.);
#984 = LINE('',#985,#986);
#985 = CARTESIAN_POINT('',(2.04,16.395,-4.996558940521E-16));
#986 = VECTOR('',#987,1.);
#987 = DIRECTION('',(0.,-1.,0.));
#988 = PCURVE('',#298,#989);
#989 = DEFINITIONAL_REPRESENTATION('',(#990),#994);
#990 = LINE('',#991,#992);
#991 = CARTESIAN_POINT('',(6.28318530718,-0.));
#992 = VECTOR('',#993,1.);
#993 = DIRECTION('',(0.,1.));
#994 = ( GEOMETRIC_REPRESENTATION_CONTEXT(2) 
PARAMETRIC_REPRESENTATION_CONTEXT() REPRESENTATION_CONTEXT('2D SPACE',''
  ) );
#995 = PCURVE('',#298,#996);
#996 = DEFINITIONAL_REPRESENTATION('',(#997),#1001);
#997 = LINE('',#998,#999);
#998 = CARTESIAN_POINT('',(0.,-0.));
#999 = VECTOR('',#1000,1.);
#1000 = DIRECTION('',(0.,1.));
#1001 = ( GEOMETRIC_REPRESENTATION_CONTEXT(2) 
PARAMETRIC_REPRESENTATION_CONTEXT() REPRESENTATION_CONTEXT('2D SPACE',''
  ) );
#1002 = ORIENTED_EDGE('',*,*,#1003,.F.);
#1003 = EDGE_CURVE('',#278,#981,#1004,.T.);
#1004 = SURFACE_CURVE('',#1005,(#1010,#1017),.PCURVE_S1.);
#1005 = CIRCLE('',#1006,2.04);
#1006 = AXIS2_PLACEMENT_3D('',#1007,#1008,#1009);
#1007 = CARTESIAN_POINT('',(0.,-11.395,0.));
#1008 = DIRECTION('',(0.,-1.,0.));
#1009 = DIRECTION('',(1.,0.,0.));
#1010 = PCURVE('',#298,#1011);
#1011 = DEFINITIONAL_REPRESENTATION('',(#1012),#1016);
#1012 = LINE('',#1013,#1014);
#1013 = CARTESIAN_POINT('',(0.,27.79));
#1014 = VECTOR('',#1015,1.);
#1015 = DIRECTION('',(1.,0.));
#1016 = ( GEOMETRIC_REPRESENTATION_CONTEXT(2) 
PARAMETRIC_REPRESENTATION_CONTEXT() REPRESENTATION_CONTEXT('2D SPACE',''
  ) );
#1017 = PCURVE('',#962,#1018);
#1018 = DEFINITIONAL_REPRESENTATION('',(#1019),#1027);
#1019 = ( BOUNDED_CURVE() B_SPLINE_CURVE(2,(#1020,#1021,#1022,#1023,
#1024,#1025,#1026),.UNSPECIFIED.,.T.,.F.) B_SPLINE_CURVE_WITH_KNOTS((1,2
    ,2,2,2,1),(-2.094395102393,0.,2.094395102393,4.188790204786,
6.28318530718,8.377580409573),.UNSPECIFIED.) CURVE() 
GEOMETRIC_REPRESENTATION_ITEM() RATIONAL_B_SPLINE_CURVE((1.,0.5,1.,0.5,
1.,0.5,1.)) REPRESENTATION_ITEM('') );
#1020 = CARTESIAN_POINT('',(1.,24.54));
#1021 = CARTESIAN_POINT('',(4.533383647441,24.54));
#1022 = CARTESIAN_POINT('',(2.76669182372,21.48));
#1023 = CARTESIAN_POINT('',(1.,18.42));
#1024 = CARTESIAN_POINT('',(-0.76669182372,21.48));
#1025 = CARTESIAN_POINT('',(-2.533383647441,24.54));
#1026 = CARTESIAN_POINT('',(1.,24.54));
#1027 = ( GEOMETRIC_REPRESENTATION_CONTEXT(2) 
PARAMETRIC_REPRESENTATION_CONTEXT() REPRESENTATION_CONTEXT('2D SPACE',''
  ) );
#1028 = ORIENTED_EDGE('',*,*,#277,.F.);
#1029 = ORIENTED_EDGE('',*,*,#1030,.F.);
#1030 = EDGE_CURVE('',#464,#250,#1031,.T.);
#1031 = SURFACE_CURVE('',#1032,(#1037,#1044),.PCURVE_S1.);
#1032 = CIRCLE('',#1033,2.04);
#1033 = AXIS2_PLACEMENT_3D('',#1034,#1035,#1036);
#1034 = CARTESIAN_POINT('',(0.,-11.395,0.));
#1035 = DIRECTION('',(0.,-1.,0.));
#1036 = DIRECTION('',(1.,0.,0.));
#1037 = PCURVE('',#298,#1038);
#1038 = DEFINITIONAL_REPRESENTATION('',(#1039),#1043);
#1039 = LINE('',#1040,#1041);
#1040 = CARTESIAN_POINT('',(0.,27.79));
#1041 = VECTOR('',#1042,1.);
#1042 = DIRECTION('',(1.,0.));
#1043 = ( GEOMETRIC_REPRESENTATION_CONTEXT(2) 
PARAMETRIC_REPRESENTATION_CONTEXT() REPRESENTATION_CONTEXT('2D SPACE',''
  ) );
#1044 = PCURVE('',#962,#1045);
#1045 = DEFINITIONAL_REPRESENTATION('',(#1046),#1054);
#1046 = ( BOUNDED_CURVE() B_SPLINE_CURVE(2,(#1047,#1048,#1049,#1050,
#1051,#1052,#1053),.UNSPECIFIED.,.T.,.F.) B_SPLINE_CURVE_WITH_KNOTS((1,2
    ,2,2,2,1),(-2.094395102393,0.,2.094395102393,4.188790204786,
6.28318530718,8.377580409573),.UNSPECIFIED.) CURVE() 
GEOMETRIC_REPRESENTATION_ITEM() RATIONAL_B_SPLINE_CURVE((1.,0.5,1.,0.5,
1.,0.5,1.)) REPRESENTATION_ITEM('') );
#1047 = CARTESIAN_POINT('',(1.,24.54));
#1048 = CARTESIAN_POINT('',(4.533383647441,24.54));
#1049 = CARTESIAN_POINT('',(2.76669182372,21.48));
#1050 = CARTESIAN_POINT('',(1.,18.42));
#1051 = CARTESIAN_POINT('',(-0.76669182372,21.48));
#1052 = CARTESIAN_POINT('',(-2.533383647441,24.54));
#1053 = CARTESIAN_POINT('',(1.,24.54));
#1054 = ( GEOMETRIC_REPRESENTATION_CONTEXT(2) 
PARAMETRIC_REPRESENTATION_CONTEXT() REPRESENTATION_CONTEXT('2D SPACE',''
  ) );
#1055 = ORIENTED_EDGE('',*,*,#463,.F.);
#1056 = ORIENTED_EDGE('',*,*,#1057,.F.);
#1057 = EDGE_CURVE('',#981,#441,#1058,.T.);
#1058 = SURFACE_CURVE('',#1059,(#1064,#1071),.PCURVE_S1.);
#1059 = CIRCLE('',#1060,2.04);
#1060 = AXIS2_PLACEMENT_3D('',#1061,#1062,#1063);
#1061 = CARTESIAN_POINT('',(0.,-11.395,0.));
#1062 = DIRECTION('',(0.,-1.,0.));
#1063 = DIRECTION('',(1.,0.,0.));
#1064 = PCURVE('',#298,#1065);
#1065 = DEFINITIONAL_REPRESENTATION('',(#1066),#1070);
#1066 = LINE('',#1067,#1068);
#1067 = CARTESIAN_POINT('',(0.,27.79));
#1068 = VECTOR('',#1069,1.);
#1069 = DIRECTION('',(1.,0.));
#1070 = ( GEOMETRIC_REPRESENTATION_CONTEXT(2) 
PARAMETRIC_REPRESENTATION_CONTEXT() REPRESENTATION_CONTEXT('2D SPACE',''
  ) );
#1071 = PCURVE('',#962,#1072);
#1072 = DEFINITIONAL_REPRESENTATION('',(#1073),#1081);
#1073 = ( BOUNDED_CURVE() B_SPLINE_CURVE(2,(#1074,#1075,#1076,#1077,
#1078,#1079,#1080),.UNSPECIFIED.,.T.,.F.) B_SPLINE_CURVE_WITH_KNOTS((1,2
    ,2,2,2,1),(-2.094395102393,0.,2.094395102393,4.188790204786,
6.28318530718,8.377580409573),.UNSPECIFIED.) CURVE() 
GEOMETRIC_REPRESENTATION_ITEM() RATIONAL_B_SPLINE_CURVE((1.,0.5,1.,0.5,
1.,0.5,1.)) REPRESENTATION_ITEM('') );
#1074 = CARTESIAN_POINT('',(1.,24.54));
#1075 = CARTESIAN_POINT('',(4.533383647441,24.54));
#1076 = CARTESIAN_POINT('',(2.76669182372,21.48));
#1077 = CARTESIAN_POINT('',(1.,18.42));
#1078 = CARTESIAN_POINT('',(-0.76669182372,21.48));
#1079 = CARTESIAN_POINT('',(-2.533383647441,24.54));
#1080 = CARTESIAN_POINT('',(1.,24.54));
#1081 = ( GEOMETRIC_REPRESENTATION_CONTEXT(2) 
PARAMETRIC_REPRESENTATION_CONTEXT() REPRESENTATION_CONTEXT('2D SPACE',''
  ) );
#1082 = ORIENTED_EDGE('',*,*,#978,.F.);
#1083 = ORIENTED_EDGE('',*,*,#1084,.T.);
#1084 = EDGE_CURVE('',#979,#979,#1085,.T.);
#1085 = SURFACE_CURVE('',#1086,(#1091,#1098),.PCURVE_S1.);
#1086 = CIRCLE('',#1087,2.04);
#1087 = AXIS2_PLACEMENT_3D('',#1088,#1089,#1090);
#1088 = CARTESIAN_POINT('',(0.,-9.895,0.));
#1089 = DIRECTION('',(0.,-1.,0.));
#1090 = DIRECTION('',(1.,0.,0.));
#1091 = PCURVE('',#298,#1092);
#1092 = DEFINITIONAL_REPRESENTATION('',(#1093),#1097);
#1093 = LINE('',#1094,#1095);
#1094 = CARTESIAN_POINT('',(0.,26.29));
#1095 = VECTOR('',#1096,1.);
#1096 = DIRECTION('',(1.,0.));
#1097 = ( GEOMETRIC_REPRESENTATION_CONTEXT(2) 
PARAMETRIC_REPRESENTATION_CONTEXT() REPRESENTATION_CONTEXT('2D SPACE',''
  ) );
#1098 = PCURVE('',#1099,#1104);
#1099 = PLANE('',#1100);
#1100 = AXIS2_PLACEMENT_3D('',#1101,#1102,#1103);
#1101 = CARTESIAN_POINT('',(-10.35,-9.895,-4.45));
#1102 = DIRECTION('',(0.,1.,0.));
#1103 = DIRECTION('',(0.,0.,1.));
#1104 = DEFINITIONAL_REPRESENTATION('',(#1105),#1113);
#1105 = ( BOUNDED_CURVE() B_SPLINE_CURVE(2,(#1106,#1107,#1108,#1109,
#1110,#1111,#1112),.UNSPECIFIED.,.T.,.F.) B_SPLINE_CURVE_WITH_KNOTS((1,2
    ,2,2,2,1),(-2.094395102393,0.,2.094395102393,4.188790204786,
6.28318530718,8.377580409573),.UNSPECIFIED.) CURVE() 
GEOMETRIC_REPRESENTATION_ITEM() RATIONAL_B_SPLINE_CURVE((1.,0.5,1.,0.5,
1.,0.5,1.)) REPRESENTATION_ITEM('') );
#1106 = CARTESIAN_POINT('',(4.45,12.39));
#1107 = CARTESIAN_POINT('',(7.983383647441,12.39));
#1108 = CARTESIAN_POINT('',(6.21669182372,9.33));
#1109 = CARTESIAN_POINT('',(4.45,6.27));
#1110 = CARTESIAN_POINT('',(2.68330817628,9.33));
#1111 = CARTESIAN_POINT('',(0.916616352559,12.39));
#1112 = CARTESIAN_POINT('',(4.45,12.39));
#1113 = ( GEOMETRIC_REPRESENTATION_CONTEXT(2) 
PARAMETRIC_REPRESENTATION_CONTEXT() REPRESENTATION_CONTEXT('2D SPACE',''
  ) );
#1114 = ADVANCED_FACE('',(#1115),#399,.T.);
#1115 = FACE_BOUND('',#1116,.T.);
#1116 = EDGE_LOOP('',(#1117,#1118,#1141,#1165,#1188,#1209,#1210,#1231));
#1117 = ORIENTED_EDGE('',*,*,#385,.F.);
#1118 = ORIENTED_EDGE('',*,*,#1119,.F.);
#1119 = EDGE_CURVE('',#1120,#358,#1122,.T.);
#1120 = VERTEX_POINT('',#1121);
#1121 = CARTESIAN_POINT('',(-22.5,-101.395,1.));
#1122 = SURFACE_CURVE('',#1123,(#1127,#1134),.PCURVE_S1.);
#1123 = LINE('',#1124,#1125);
#1124 = CARTESIAN_POINT('',(-22.5,-101.395,1.));
#1125 = VECTOR('',#1126,1.);
#1126 = DIRECTION('',(0.,1.,0.));
#1127 = PCURVE('',#399,#1128);
#1128 = DEFINITIONAL_REPRESENTATION('',(#1129),#1133);
#1129 = LINE('',#1130,#1131);
#1130 = CARTESIAN_POINT('',(0.,0.));
#1131 = VECTOR('',#1132,1.);
#1132 = DIRECTION('',(0.,1.));
#1133 = ( GEOMETRIC_REPRESENTATION_CONTEXT(2) 
PARAMETRIC_REPRESENTATION_CONTEXT() REPRESENTATION_CONTEXT('2D SPACE',''
  ) );
#1134 = PCURVE('',#373,#1135);
#1135 = DEFINITIONAL_REPRESENTATION('',(#1136),#1140);
#1136 = LINE('',#1137,#1138);
#1137 = CARTESIAN_POINT('',(2.,0.));
#1138 = VECTOR('',#1139,1.);
#1139 = DIRECTION('',(0.,-1.));
#1140 = ( GEOMETRIC_REPRESENTATION_CONTEXT(2) 
PARAMETRIC_REPRESENTATION_CONTEXT() REPRESENTATION_CONTEXT('2D SPACE',''
  ) );
#1141 = ORIENTED_EDGE('',*,*,#1142,.T.);
#1142 = EDGE_CURVE('',#1120,#1143,#1145,.T.);
#1143 = VERTEX_POINT('',#1144);
#1144 = CARTESIAN_POINT('',(32.5,-101.395,1.));
#1145 = SURFACE_CURVE('',#1146,(#1151,#1158),.PCURVE_S1.);
#1146 = CIRCLE('',#1147,27.5);
#1147 = AXIS2_PLACEMENT_3D('',#1148,#1149,#1150);
#1148 = CARTESIAN_POINT('',(5.,-101.395,1.));
#1149 = DIRECTION('',(0.,0.,1.));
#1150 = DIRECTION('',(1.,0.,0.));
#1151 = PCURVE('',#399,#1152);
#1152 = DEFINITIONAL_REPRESENTATION('',(#1153),#1157);
#1153 = CIRCLE('',#1154,27.5);
#1154 = AXIS2_PLACEMENT_2D('',#1155,#1156);
#1155 = CARTESIAN_POINT('',(27.5,0.));
#1156 = DIRECTION('',(1.,0.));
#1157 = ( GEOMETRIC_REPRESENTATION_CONTEXT(2) 
PARAMETRIC_REPRESENTATION_CONTEXT() REPRESENTATION_CONTEXT('2D SPACE',''
  ) );
#1158 = PCURVE('',#886,#1159);
#1159 = DEFINITIONAL_REPRESENTATION('',(#1160),#1164);
#1160 = LINE('',#1161,#1162);
#1161 = CARTESIAN_POINT('',(0.,2.));
#1162 = VECTOR('',#1163,1.);
#1163 = DIRECTION('',(1.,0.));
#1164 = ( GEOMETRIC_REPRESENTATION_CONTEXT(2) 
PARAMETRIC_REPRESENTATION_CONTEXT() REPRESENTATION_CONTEXT('2D SPACE',''
  ) );
#1165 = ORIENTED_EDGE('',*,*,#1166,.T.);
#1166 = EDGE_CURVE('',#1143,#1167,#1169,.T.);
#1167 = VERTEX_POINT('',#1168);
#1168 = CARTESIAN_POINT('',(32.5,-11.395,1.));
#1169 = SURFACE_CURVE('',#1170,(#1174,#1181),.PCURVE_S1.);
#1170 = LINE('',#1171,#1172);
#1171 = CARTESIAN_POINT('',(32.5,-101.395,1.));
#1172 = VECTOR('',#1173,1.);
#1173 = DIRECTION('',(0.,1.,0.));
#1174 = PCURVE('',#399,#1175);
#1175 = DEFINITIONAL_REPRESENTATION('',(#1176),#1180);
#1176 = LINE('',#1177,#1178);
#1177 = CARTESIAN_POINT('',(55.,0.));
#1178 = VECTOR('',#1179,1.);
#1179 = DIRECTION('',(0.,1.));
#1180 = ( GEOMETRIC_REPRESENTATION_CONTEXT(2) 
PARAMETRIC_REPRESENTATION_CONTEXT() REPRESENTATION_CONTEXT('2D SPACE',''
  ) );
#1181 = PCURVE('',#914,#1182);
#1182 = DEFINITIONAL_REPRESENTATION('',(#1183),#1187);
#1183 = LINE('',#1184,#1185);
#1184 = CARTESIAN_POINT('',(2.,0.));
#1185 = VECTOR('',#1186,1.);
#1186 = DIRECTION('',(0.,-1.));
#1187 = ( GEOMETRIC_REPRESENTATION_CONTEXT(2) 
PARAMETRIC_REPRESENTATION_CONTEXT() REPRESENTATION_CONTEXT('2D SPACE',''
  ) );
#1188 = ORIENTED_EDGE('',*,*,#1189,.F.);
#1189 = EDGE_CURVE('',#416,#1167,#1190,.T.);
#1190 = SURFACE_CURVE('',#1191,(#1195,#1202),.PCURVE_S1.);
#1191 = LINE('',#1192,#1193);
#1192 = CARTESIAN_POINT('',(-22.5,-11.395,1.));
#1193 = VECTOR('',#1194,1.);
#1194 = DIRECTION('',(1.,0.,0.));
#1195 = PCURVE('',#399,#1196);
#1196 = DEFINITIONAL_REPRESENTATION('',(#1197),#1201);
#1197 = LINE('',#1198,#1199);
#1198 = CARTESIAN_POINT('',(0.,90.));
#1199 = VECTOR('',#1200,1.);
#1200 = DIRECTION('',(1.,0.));
#1201 = ( GEOMETRIC_REPRESENTATION_CONTEXT(2) 
PARAMETRIC_REPRESENTATION_CONTEXT() REPRESENTATION_CONTEXT('2D SPACE',''
  ) );
#1202 = PCURVE('',#830,#1203);
#1203 = DEFINITIONAL_REPRESENTATION('',(#1204),#1208);
#1204 = LINE('',#1205,#1206);
#1205 = CARTESIAN_POINT('',(2.,0.));
#1206 = VECTOR('',#1207,1.);
#1207 = DIRECTION('',(0.,1.));
#1208 = ( GEOMETRIC_REPRESENTATION_CONTEXT(2) 
PARAMETRIC_REPRESENTATION_CONTEXT() REPRESENTATION_CONTEXT('2D SPACE',''
  ) );
#1209 = ORIENTED_EDGE('',*,*,#440,.F.);
#1210 = ORIENTED_EDGE('',*,*,#1211,.F.);
#1211 = EDGE_CURVE('',#464,#441,#1212,.T.);
#1212 = SURFACE_CURVE('',#1213,(#1217,#1224),.PCURVE_S1.);
#1213 = LINE('',#1214,#1215);
#1214 = CARTESIAN_POINT('',(-22.5,-11.395,1.));
#1215 = VECTOR('',#1216,1.);
#1216 = DIRECTION('',(1.,0.,0.));
#1217 = PCURVE('',#399,#1218);
#1218 = DEFINITIONAL_REPRESENTATION('',(#1219),#1223);
#1219 = LINE('',#1220,#1221);
#1220 = CARTESIAN_POINT('',(0.,90.));
#1221 = VECTOR('',#1222,1.);
#1222 = DIRECTION('',(1.,0.));
#1223 = ( GEOMETRIC_REPRESENTATION_CONTEXT(2) 
PARAMETRIC_REPRESENTATION_CONTEXT() REPRESENTATION_CONTEXT('2D SPACE',''
  ) );
#1224 = PCURVE('',#962,#1225);
#1225 = DEFINITIONAL_REPRESENTATION('',(#1226),#1230);
#1226 = LINE('',#1227,#1228);
#1227 = CARTESIAN_POINT('',(2.,0.));
#1228 = VECTOR('',#1229,1.);
#1229 = DIRECTION('',(0.,1.));
#1230 = ( GEOMETRIC_REPRESENTATION_CONTEXT(2) 
PARAMETRIC_REPRESENTATION_CONTEXT() REPRESENTATION_CONTEXT('2D SPACE',''
  ) );
#1231 = ORIENTED_EDGE('',*,*,#491,.F.);
#1232 = ADVANCED_FACE('',(#1233),#373,.F.);
#1233 = FACE_BOUND('',#1234,.F.);
#1234 = EDGE_LOOP('',(#1235,#1256,#1257,#1258));
#1235 = ORIENTED_EDGE('',*,*,#1236,.F.);
#1236 = EDGE_CURVE('',#847,#1120,#1237,.T.);
#1237 = SURFACE_CURVE('',#1238,(#1242,#1249),.PCURVE_S1.);
#1238 = LINE('',#1239,#1240);
#1239 = CARTESIAN_POINT('',(-22.5,-101.395,-1.));
#1240 = VECTOR('',#1241,1.);
#1241 = DIRECTION('',(0.,0.,1.));
#1242 = PCURVE('',#373,#1243);
#1243 = DEFINITIONAL_REPRESENTATION('',(#1244),#1248);
#1244 = LINE('',#1245,#1246);
#1245 = CARTESIAN_POINT('',(0.,0.));
#1246 = VECTOR('',#1247,1.);
#1247 = DIRECTION('',(1.,0.));
#1248 = ( GEOMETRIC_REPRESENTATION_CONTEXT(2) 
PARAMETRIC_REPRESENTATION_CONTEXT() REPRESENTATION_CONTEXT('2D SPACE',''
  ) );
#1249 = PCURVE('',#886,#1250);
#1250 = DEFINITIONAL_REPRESENTATION('',(#1251),#1255);
#1251 = LINE('',#1252,#1253);
#1252 = CARTESIAN_POINT('',(3.14159265359,0.));
#1253 = VECTOR('',#1254,1.);
#1254 = DIRECTION('',(0.,1.));
#1255 = ( GEOMETRIC_REPRESENTATION_CONTEXT(2) 
PARAMETRIC_REPRESENTATION_CONTEXT() REPRESENTATION_CONTEXT('2D SPACE',''
  ) );
#1256 = ORIENTED_EDGE('',*,*,#846,.T.);
#1257 = ORIENTED_EDGE('',*,*,#357,.T.);
#1258 = ORIENTED_EDGE('',*,*,#1119,.F.);
#1259 = ADVANCED_FACE('',(#1260),#602,.F.);
#1260 = FACE_BOUND('',#1261,.F.);
#1261 = EDGE_LOOP('',(#1262,#1263,#1286,#1315,#1341,#1370,#1391,#1392,
    #1393,#1417,#1443,#1465));
#1262 = ORIENTED_EDGE('',*,*,#585,.F.);
#1263 = ORIENTED_EDGE('',*,*,#1264,.F.);
#1264 = EDGE_CURVE('',#1265,#586,#1267,.T.);
#1265 = VERTEX_POINT('',#1266);
#1266 = CARTESIAN_POINT('',(-9.05,-2.694222958124E-16,4.45));
#1267 = SEAM_CURVE('',#1268,(#1272,#1279),.PCURVE_S1.);
#1268 = LINE('',#1269,#1270);
#1269 = CARTESIAN_POINT('',(-9.05,-2.694222958124E-16,-8.95));
#1270 = VECTOR('',#1271,1.);
#1271 = DIRECTION('',(0.,0.,1.));
#1272 = PCURVE('',#602,#1273);
#1273 = DEFINITIONAL_REPRESENTATION('',(#1274),#1278);
#1274 = LINE('',#1275,#1276);
#1275 = CARTESIAN_POINT('',(6.28318530718,-0.));
#1276 = VECTOR('',#1277,1.);
#1277 = DIRECTION('',(0.,1.));
#1278 = ( GEOMETRIC_REPRESENTATION_CONTEXT(2) 
PARAMETRIC_REPRESENTATION_CONTEXT() REPRESENTATION_CONTEXT('2D SPACE',''
  ) );
#1279 = PCURVE('',#602,#1280);
#1280 = DEFINITIONAL_REPRESENTATION('',(#1281),#1285);
#1281 = LINE('',#1282,#1283);
#1282 = CARTESIAN_POINT('',(0.,-0.));
#1283 = VECTOR('',#1284,1.);
#1284 = DIRECTION('',(0.,1.));
#1285 = ( GEOMETRIC_REPRESENTATION_CONTEXT(2) 
PARAMETRIC_REPRESENTATION_CONTEXT() REPRESENTATION_CONTEXT('2D SPACE',''
  ) );
#1286 = ORIENTED_EDGE('',*,*,#1287,.T.);
#1287 = EDGE_CURVE('',#1265,#1288,#1290,.T.);
#1288 = VERTEX_POINT('',#1289);
#1289 = CARTESIAN_POINT('',(-10.35,1.081665382639,4.45));
#1290 = SURFACE_CURVE('',#1291,(#1296,#1303),.PCURVE_S1.);
#1291 = CIRCLE('',#1292,1.1);
#1292 = AXIS2_PLACEMENT_3D('',#1293,#1294,#1295);
#1293 = CARTESIAN_POINT('',(-10.15,0.,4.45));
#1294 = DIRECTION('',(0.,0.,1.));
#1295 = DIRECTION('',(1.,0.,-0.));
#1296 = PCURVE('',#602,#1297);
#1297 = DEFINITIONAL_REPRESENTATION('',(#1298),#1302);
#1298 = LINE('',#1299,#1300);
#1299 = CARTESIAN_POINT('',(0.,13.4));
#1300 = VECTOR('',#1301,1.);
#1301 = DIRECTION('',(1.,0.));
#1302 = ( GEOMETRIC_REPRESENTATION_CONTEXT(2) 
PARAMETRIC_REPRESENTATION_CONTEXT() REPRESENTATION_CONTEXT('2D SPACE',''
  ) );
#1303 = PCURVE('',#1304,#1309);
#1304 = PLANE('',#1305);
#1305 = AXIS2_PLACEMENT_3D('',#1306,#1307,#1308);
#1306 = CARTESIAN_POINT('',(-10.35,-9.895,4.45));
#1307 = DIRECTION('',(0.,0.,1.));
#1308 = DIRECTION('',(1.,0.,0.));
#1309 = DEFINITIONAL_REPRESENTATION('',(#1310),#1314);
#1310 = CIRCLE('',#1311,1.1);
#1311 = AXIS2_PLACEMENT_2D('',#1312,#1313);
#1312 = CARTESIAN_POINT('',(0.2,9.895));
#1313 = DIRECTION('',(1.,0.));
#1314 = ( GEOMETRIC_REPRESENTATION_CONTEXT(2) 
PARAMETRIC_REPRESENTATION_CONTEXT() REPRESENTATION_CONTEXT('2D SPACE',''
  ) );
#1315 = ORIENTED_EDGE('',*,*,#1316,.F.);
#1316 = EDGE_CURVE('',#1317,#1288,#1319,.T.);
#1317 = VERTEX_POINT('',#1318);
#1318 = CARTESIAN_POINT('',(-10.35,1.081665382639,-4.45));
#1319 = SURFACE_CURVE('',#1320,(#1324,#1330),.PCURVE_S1.);
#1320 = LINE('',#1321,#1322);
#1321 = CARTESIAN_POINT('',(-10.35,1.081665382639,-8.95));
#1322 = VECTOR('',#1323,1.);
#1323 = DIRECTION('',(0.,0.,1.));
#1324 = PCURVE('',#602,#1325);
#1325 = DEFINITIONAL_REPRESENTATION('',(#1326),#1329);
#1326 = B_SPLINE_CURVE_WITH_KNOTS('',1,(#1327,#1328),.UNSPECIFIED.,.F.,
  .F.,(2,2),(3.61,14.29),.PIECEWISE_BEZIER_KNOTS.);
#1327 = CARTESIAN_POINT('',(1.753631463788,3.61));
#1328 = CARTESIAN_POINT('',(1.753631463788,14.29));
#1329 = ( GEOMETRIC_REPRESENTATION_CONTEXT(2) 
PARAMETRIC_REPRESENTATION_CONTEXT() REPRESENTATION_CONTEXT('2D SPACE',''
  ) );
#1330 = PCURVE('',#1331,#1336);
#1331 = PLANE('',#1332);
#1332 = AXIS2_PLACEMENT_3D('',#1333,#1334,#1335);
#1333 = CARTESIAN_POINT('',(-10.35,-9.895,-4.45));
#1334 = DIRECTION('',(1.,0.,0.));
#1335 = DIRECTION('',(0.,0.,1.));
#1336 = DEFINITIONAL_REPRESENTATION('',(#1337),#1340);
#1337 = B_SPLINE_CURVE_WITH_KNOTS('',1,(#1338,#1339),.UNSPECIFIED.,.F.,
  .F.,(2,2),(3.61,14.29),.PIECEWISE_BEZIER_KNOTS.);
#1338 = CARTESIAN_POINT('',(-0.89,-10.97666538263));
#1339 = CARTESIAN_POINT('',(9.79,-10.97666538263));
#1340 = ( GEOMETRIC_REPRESENTATION_CONTEXT(2) 
PARAMETRIC_REPRESENTATION_CONTEXT() REPRESENTATION_CONTEXT('2D SPACE',''
  ) );
#1341 = ORIENTED_EDGE('',*,*,#1342,.F.);
#1342 = EDGE_CURVE('',#1343,#1317,#1345,.T.);
#1343 = VERTEX_POINT('',#1344);
#1344 = CARTESIAN_POINT('',(-9.05,-2.694222958124E-16,-4.45));
#1345 = SURFACE_CURVE('',#1346,(#1351,#1358),.PCURVE_S1.);
#1346 = CIRCLE('',#1347,1.1);
#1347 = AXIS2_PLACEMENT_3D('',#1348,#1349,#1350);
#1348 = CARTESIAN_POINT('',(-10.15,0.,-4.45));
#1349 = DIRECTION('',(0.,0.,1.));
#1350 = DIRECTION('',(1.,0.,-0.));
#1351 = PCURVE('',#602,#1352);
#1352 = DEFINITIONAL_REPRESENTATION('',(#1353),#1357);
#1353 = LINE('',#1354,#1355);
#1354 = CARTESIAN_POINT('',(0.,4.5));
#1355 = VECTOR('',#1356,1.);
#1356 = DIRECTION('',(1.,0.));
#1357 = ( GEOMETRIC_REPRESENTATION_CONTEXT(2) 
PARAMETRIC_REPRESENTATION_CONTEXT() REPRESENTATION_CONTEXT('2D SPACE',''
  ) );
#1358 = PCURVE('',#1359,#1364);
#1359 = PLANE('',#1360);
#1360 = AXIS2_PLACEMENT_3D('',#1361,#1362,#1363);
#1361 = CARTESIAN_POINT('',(-10.35,-9.895,-4.45));
#1362 = DIRECTION('',(0.,0.,1.));
#1363 = DIRECTION('',(1.,0.,0.));
#1364 = DEFINITIONAL_REPRESENTATION('',(#1365),#1369);
#1365 = CIRCLE('',#1366,1.1);
#1366 = AXIS2_PLACEMENT_2D('',#1367,#1368);
#1367 = CARTESIAN_POINT('',(0.2,9.895));
#1368 = DIRECTION('',(1.,0.));
#1369 = ( GEOMETRIC_REPRESENTATION_CONTEXT(2) 
PARAMETRIC_REPRESENTATION_CONTEXT() REPRESENTATION_CONTEXT('2D SPACE',''
  ) );
#1370 = ORIENTED_EDGE('',*,*,#1371,.F.);
#1371 = EDGE_CURVE('',#759,#1343,#1372,.T.);
#1372 = SEAM_CURVE('',#1373,(#1377,#1384),.PCURVE_S1.);
#1373 = LINE('',#1374,#1375);
#1374 = CARTESIAN_POINT('',(-9.05,-2.694222958124E-16,-8.95));
#1375 = VECTOR('',#1376,1.);
#1376 = DIRECTION('',(0.,0.,1.));
#1377 = PCURVE('',#602,#1378);
#1378 = DEFINITIONAL_REPRESENTATION('',(#1379),#1383);
#1379 = LINE('',#1380,#1381);
#1380 = CARTESIAN_POINT('',(6.28318530718,-0.));
#1381 = VECTOR('',#1382,1.);
#1382 = DIRECTION('',(0.,1.));
#1383 = ( GEOMETRIC_REPRESENTATION_CONTEXT(2) 
PARAMETRIC_REPRESENTATION_CONTEXT() REPRESENTATION_CONTEXT('2D SPACE',''
  ) );
#1384 = PCURVE('',#602,#1385);
#1385 = DEFINITIONAL_REPRESENTATION('',(#1386),#1390);
#1386 = LINE('',#1387,#1388);
#1387 = CARTESIAN_POINT('',(0.,-0.));
#1388 = VECTOR('',#1389,1.);
#1389 = DIRECTION('',(0.,1.));
#1390 = ( GEOMETRIC_REPRESENTATION_CONTEXT(2) 
PARAMETRIC_REPRESENTATION_CONTEXT() REPRESENTATION_CONTEXT('2D SPACE',''
  ) );
#1391 = ORIENTED_EDGE('',*,*,#758,.T.);
#1392 = ORIENTED_EDGE('',*,*,#1371,.T.);
#1393 = ORIENTED_EDGE('',*,*,#1394,.F.);
#1394 = EDGE_CURVE('',#1395,#1343,#1397,.T.);
#1395 = VERTEX_POINT('',#1396);
#1396 = CARTESIAN_POINT('',(-10.35,-1.081665382639,-4.45));
#1397 = SURFACE_CURVE('',#1398,(#1403,#1410),.PCURVE_S1.);
#1398 = CIRCLE('',#1399,1.1);
#1399 = AXIS2_PLACEMENT_3D('',#1400,#1401,#1402);
#1400 = CARTESIAN_POINT('',(-10.15,0.,-4.45));
#1401 = DIRECTION('',(0.,0.,1.));
#1402 = DIRECTION('',(1.,0.,-0.));
#1403 = PCURVE('',#602,#1404);
#1404 = DEFINITIONAL_REPRESENTATION('',(#1405),#1409);
#1405 = LINE('',#1406,#1407);
#1406 = CARTESIAN_POINT('',(0.,4.5));
#1407 = VECTOR('',#1408,1.);
#1408 = DIRECTION('',(1.,0.));
#1409 = ( GEOMETRIC_REPRESENTATION_CONTEXT(2) 
PARAMETRIC_REPRESENTATION_CONTEXT() REPRESENTATION_CONTEXT('2D SPACE',''
  ) );
#1410 = PCURVE('',#1359,#1411);
#1411 = DEFINITIONAL_REPRESENTATION('',(#1412),#1416);
#1412 = CIRCLE('',#1413,1.1);
#1413 = AXIS2_PLACEMENT_2D('',#1414,#1415);
#1414 = CARTESIAN_POINT('',(0.2,9.895));
#1415 = DIRECTION('',(1.,0.));
#1416 = ( GEOMETRIC_REPRESENTATION_CONTEXT(2) 
PARAMETRIC_REPRESENTATION_CONTEXT() REPRESENTATION_CONTEXT('2D SPACE',''
  ) );
#1417 = ORIENTED_EDGE('',*,*,#1418,.T.);
#1418 = EDGE_CURVE('',#1395,#1419,#1421,.T.);
#1419 = VERTEX_POINT('',#1420);
#1420 = CARTESIAN_POINT('',(-10.35,-1.081665382639,4.45));
#1421 = SURFACE_CURVE('',#1422,(#1426,#1432),.PCURVE_S1.);
#1422 = LINE('',#1423,#1424);
#1423 = CARTESIAN_POINT('',(-10.35,-1.081665382639,-8.95));
#1424 = VECTOR('',#1425,1.);
#1425 = DIRECTION('',(0.,0.,1.));
#1426 = PCURVE('',#602,#1427);
#1427 = DEFINITIONAL_REPRESENTATION('',(#1428),#1431);
#1428 = B_SPLINE_CURVE_WITH_KNOTS('',1,(#1429,#1430),.UNSPECIFIED.,.F.,
  .F.,(2,2),(3.61,14.29),.PIECEWISE_BEZIER_KNOTS.);
#1429 = CARTESIAN_POINT('',(4.529553843392,3.61));
#1430 = CARTESIAN_POINT('',(4.529553843392,14.29));
#1431 = ( GEOMETRIC_REPRESENTATION_CONTEXT(2) 
PARAMETRIC_REPRESENTATION_CONTEXT() REPRESENTATION_CONTEXT('2D SPACE',''
  ) );
#1432 = PCURVE('',#1433,#1438);
#1433 = PLANE('',#1434);
#1434 = AXIS2_PLACEMENT_3D('',#1435,#1436,#1437);
#1435 = CARTESIAN_POINT('',(-10.35,-9.895,-4.45));
#1436 = DIRECTION('',(1.,0.,0.));
#1437 = DIRECTION('',(0.,0.,1.));
#1438 = DEFINITIONAL_REPRESENTATION('',(#1439),#1442);
#1439 = B_SPLINE_CURVE_WITH_KNOTS('',1,(#1440,#1441),.UNSPECIFIED.,.F.,
  .F.,(2,2),(3.61,14.29),.PIECEWISE_BEZIER_KNOTS.);
#1440 = CARTESIAN_POINT('',(-0.89,-8.813334617361));
#1441 = CARTESIAN_POINT('',(9.79,-8.813334617361));
#1442 = ( GEOMETRIC_REPRESENTATION_CONTEXT(2) 
PARAMETRIC_REPRESENTATION_CONTEXT() REPRESENTATION_CONTEXT('2D SPACE',''
  ) );
#1443 = ORIENTED_EDGE('',*,*,#1444,.T.);
#1444 = EDGE_CURVE('',#1419,#1265,#1445,.T.);
#1445 = SURFACE_CURVE('',#1446,(#1451,#1458),.PCURVE_S1.);
#1446 = CIRCLE('',#1447,1.1);
#1447 = AXIS2_PLACEMENT_3D('',#1448,#1449,#1450);
#1448 = CARTESIAN_POINT('',(-10.15,0.,4.45));
#1449 = DIRECTION('',(0.,0.,1.));
#1450 = DIRECTION('',(1.,0.,-0.));
#1451 = PCURVE('',#602,#1452);
#1452 = DEFINITIONAL_REPRESENTATION('',(#1453),#1457);
#1453 = LINE('',#1454,#1455);
#1454 = CARTESIAN_POINT('',(0.,13.4));
#1455 = VECTOR('',#1456,1.);
#1456 = DIRECTION('',(1.,0.));
#1457 = ( GEOMETRIC_REPRESENTATION_CONTEXT(2) 
PARAMETRIC_REPRESENTATION_CONTEXT() REPRESENTATION_CONTEXT('2D SPACE',''
  ) );
#1458 = PCURVE('',#1304,#1459);
#1459 = DEFINITIONAL_REPRESENTATION('',(#1460),#1464);
#1460 = CIRCLE('',#1461,1.1);
#1461 = AXIS2_PLACEMENT_2D('',#1462,#1463);
#1462 = CARTESIAN_POINT('',(0.2,9.895));
#1463 = DIRECTION('',(1.,0.));
#1464 = ( GEOMETRIC_REPRESENTATION_CONTEXT(2) 
PARAMETRIC_REPRESENTATION_CONTEXT() REPRESENTATION_CONTEXT('2D SPACE',''
  ) );
#1465 = ORIENTED_EDGE('',*,*,#1264,.T.);
#1466 = ADVANCED_FACE('',(#1467,#1493),#633,.F.);
#1467 = FACE_BOUND('',#1468,.F.);
#1468 = EDGE_LOOP('',(#1469,#1470,#1491,#1492));
#1469 = ORIENTED_EDGE('',*,*,#616,.F.);
#1470 = ORIENTED_EDGE('',*,*,#1471,.F.);
#1471 = EDGE_CURVE('',#785,#617,#1472,.T.);
#1472 = SEAM_CURVE('',#1473,(#1477,#1484),.PCURVE_S1.);
#1473 = LINE('',#1474,#1475);
#1474 = CARTESIAN_POINT('',(11.25,-2.694222958124E-16,-8.95));
#1475 = VECTOR('',#1476,1.);
#1476 = DIRECTION('',(0.,0.,1.));
#1477 = PCURVE('',#633,#1478);
#1478 = DEFINITIONAL_REPRESENTATION('',(#1479),#1483);
#1479 = LINE('',#1480,#1481);
#1480 = CARTESIAN_POINT('',(6.28318530718,-0.));
#1481 = VECTOR('',#1482,1.);
#1482 = DIRECTION('',(0.,1.));
#1483 = ( GEOMETRIC_REPRESENTATION_CONTEXT(2) 
PARAMETRIC_REPRESENTATION_CONTEXT() REPRESENTATION_CONTEXT('2D SPACE',''
  ) );
#1484 = PCURVE('',#633,#1485);
#1485 = DEFINITIONAL_REPRESENTATION('',(#1486),#1490);
#1486 = LINE('',#1487,#1488);
#1487 = CARTESIAN_POINT('',(0.,-0.));
#1488 = VECTOR('',#1489,1.);
#1489 = DIRECTION('',(0.,1.));
#1490 = ( GEOMETRIC_REPRESENTATION_CONTEXT(2) 
PARAMETRIC_REPRESENTATION_CONTEXT() REPRESENTATION_CONTEXT('2D SPACE',''
  ) );
#1491 = ORIENTED_EDGE('',*,*,#784,.T.);
#1492 = ORIENTED_EDGE('',*,*,#1471,.T.);
#1493 = FACE_BOUND('',#1494,.F.);
#1494 = EDGE_LOOP('',(#1495,#1523,#1547,#1573));
#1495 = ORIENTED_EDGE('',*,*,#1496,.T.);
#1496 = EDGE_CURVE('',#1497,#1499,#1501,.T.);
#1497 = VERTEX_POINT('',#1498);
#1498 = CARTESIAN_POINT('',(10.35,1.081665382639,-4.45));
#1499 = VERTEX_POINT('',#1500);
#1500 = CARTESIAN_POINT('',(10.35,1.081665382639,4.45));
#1501 = SURFACE_CURVE('',#1502,(#1506,#1512),.PCURVE_S1.);
#1502 = LINE('',#1503,#1504);
#1503 = CARTESIAN_POINT('',(10.35,1.081665382639,-8.95));
#1504 = VECTOR('',#1505,1.);
#1505 = DIRECTION('',(0.,0.,1.));
#1506 = PCURVE('',#633,#1507);
#1507 = DEFINITIONAL_REPRESENTATION('',(#1508),#1511);
#1508 = B_SPLINE_CURVE_WITH_KNOTS('',1,(#1509,#1510),.UNSPECIFIED.,.F.,
  .F.,(2,2),(3.61,14.29),.PIECEWISE_BEZIER_KNOTS.);
#1509 = CARTESIAN_POINT('',(1.387961189802,3.61));
#1510 = CARTESIAN_POINT('',(1.387961189802,14.29));
#1511 = ( GEOMETRIC_REPRESENTATION_CONTEXT(2) 
PARAMETRIC_REPRESENTATION_CONTEXT() REPRESENTATION_CONTEXT('2D SPACE',''
  ) );
#1512 = PCURVE('',#1513,#1518);
#1513 = PLANE('',#1514);
#1514 = AXIS2_PLACEMENT_3D('',#1515,#1516,#1517);
#1515 = CARTESIAN_POINT('',(10.35,-9.895,-4.45));
#1516 = DIRECTION('',(1.,0.,0.));
#1517 = DIRECTION('',(0.,0.,1.));
#1518 = DEFINITIONAL_REPRESENTATION('',(#1519),#1522);
#1519 = B_SPLINE_CURVE_WITH_KNOTS('',1,(#1520,#1521),.UNSPECIFIED.,.F.,
  .F.,(2,2),(3.61,14.29),.PIECEWISE_BEZIER_KNOTS.);
#1520 = CARTESIAN_POINT('',(-0.89,-10.97666538263));
#1521 = CARTESIAN_POINT('',(9.79,-10.97666538263));
#1522 = ( GEOMETRIC_REPRESENTATION_CONTEXT(2) 
PARAMETRIC_REPRESENTATION_CONTEXT() REPRESENTATION_CONTEXT('2D SPACE',''
  ) );
#1523 = ORIENTED_EDGE('',*,*,#1524,.T.);
#1524 = EDGE_CURVE('',#1499,#1525,#1527,.T.);
#1525 = VERTEX_POINT('',#1526);
#1526 = CARTESIAN_POINT('',(10.35,-1.081665382639,4.45));
#1527 = SURFACE_CURVE('',#1528,(#1533,#1540),.PCURVE_S1.);
#1528 = CIRCLE('',#1529,1.1);
#1529 = AXIS2_PLACEMENT_3D('',#1530,#1531,#1532);
#1530 = CARTESIAN_POINT('',(10.15,0.,4.45));
#1531 = DIRECTION('',(0.,0.,1.));
#1532 = DIRECTION('',(1.,0.,-0.));
#1533 = PCURVE('',#633,#1534);
#1534 = DEFINITIONAL_REPRESENTATION('',(#1535),#1539);
#1535 = LINE('',#1536,#1537);
#1536 = CARTESIAN_POINT('',(0.,13.4));
#1537 = VECTOR('',#1538,1.);
#1538 = DIRECTION('',(1.,0.));
#1539 = ( GEOMETRIC_REPRESENTATION_CONTEXT(2) 
PARAMETRIC_REPRESENTATION_CONTEXT() REPRESENTATION_CONTEXT('2D SPACE',''
  ) );
#1540 = PCURVE('',#1304,#1541);
#1541 = DEFINITIONAL_REPRESENTATION('',(#1542),#1546);
#1542 = CIRCLE('',#1543,1.1);
#1543 = AXIS2_PLACEMENT_2D('',#1544,#1545);
#1544 = CARTESIAN_POINT('',(20.5,9.895));
#1545 = DIRECTION('',(1.,0.));
#1546 = ( GEOMETRIC_REPRESENTATION_CONTEXT(2) 
PARAMETRIC_REPRESENTATION_CONTEXT() REPRESENTATION_CONTEXT('2D SPACE',''
  ) );
#1547 = ORIENTED_EDGE('',*,*,#1548,.F.);
#1548 = EDGE_CURVE('',#1549,#1525,#1551,.T.);
#1549 = VERTEX_POINT('',#1550);
#1550 = CARTESIAN_POINT('',(10.35,-1.081665382639,-4.45));
#1551 = SURFACE_CURVE('',#1552,(#1556,#1562),.PCURVE_S1.);
#1552 = LINE('',#1553,#1554);
#1553 = CARTESIAN_POINT('',(10.35,-1.081665382639,-8.95));
#1554 = VECTOR('',#1555,1.);
#1555 = DIRECTION('',(0.,0.,1.));
#1556 = PCURVE('',#633,#1557);
#1557 = DEFINITIONAL_REPRESENTATION('',(#1558),#1561);
#1558 = B_SPLINE_CURVE_WITH_KNOTS('',1,(#1559,#1560),.UNSPECIFIED.,.F.,
  .F.,(2,2),(3.61,14.29),.PIECEWISE_BEZIER_KNOTS.);
#1559 = CARTESIAN_POINT('',(4.895224117378,3.61));
#1560 = CARTESIAN_POINT('',(4.895224117378,14.29));
#1561 = ( GEOMETRIC_REPRESENTATION_CONTEXT(2) 
PARAMETRIC_REPRESENTATION_CONTEXT() REPRESENTATION_CONTEXT('2D SPACE',''
  ) );
#1562 = PCURVE('',#1563,#1568);
#1563 = PLANE('',#1564);
#1564 = AXIS2_PLACEMENT_3D('',#1565,#1566,#1567);
#1565 = CARTESIAN_POINT('',(10.35,-9.895,-4.45));
#1566 = DIRECTION('',(1.,0.,0.));
#1567 = DIRECTION('',(0.,0.,1.));
#1568 = DEFINITIONAL_REPRESENTATION('',(#1569),#1572);
#1569 = B_SPLINE_CURVE_WITH_KNOTS('',1,(#1570,#1571),.UNSPECIFIED.,.F.,
  .F.,(2,2),(3.61,14.29),.PIECEWISE_BEZIER_KNOTS.);
#1570 = CARTESIAN_POINT('',(-0.89,-8.813334617361));
#1571 = CARTESIAN_POINT('',(9.79,-8.813334617361));
#1572 = ( GEOMETRIC_REPRESENTATION_CONTEXT(2) 
PARAMETRIC_REPRESENTATION_CONTEXT() REPRESENTATION_CONTEXT('2D SPACE',''
  ) );
#1573 = ORIENTED_EDGE('',*,*,#1574,.F.);
#1574 = EDGE_CURVE('',#1497,#1549,#1575,.T.);
#1575 = SURFACE_CURVE('',#1576,(#1581,#1588),.PCURVE_S1.);
#1576 = CIRCLE('',#1577,1.1);
#1577 = AXIS2_PLACEMENT_3D('',#1578,#1579,#1580);
#1578 = CARTESIAN_POINT('',(10.15,0.,-4.45));
#1579 = DIRECTION('',(0.,0.,1.));
#1580 = DIRECTION('',(1.,0.,-0.));
#1581 = PCURVE('',#633,#1582);
#1582 = DEFINITIONAL_REPRESENTATION('',(#1583),#1587);
#1583 = LINE('',#1584,#1585);
#1584 = CARTESIAN_POINT('',(0.,4.5));
#1585 = VECTOR('',#1586,1.);
#1586 = DIRECTION('',(1.,0.));
#1587 = ( GEOMETRIC_REPRESENTATION_CONTEXT(2) 
PARAMETRIC_REPRESENTATION_CONTEXT() REPRESENTATION_CONTEXT('2D SPACE',''
  ) );
#1588 = PCURVE('',#1359,#1589);
#1589 = DEFINITIONAL_REPRESENTATION('',(#1590),#1594);
#1590 = CIRCLE('',#1591,1.1);
#1591 = AXIS2_PLACEMENT_2D('',#1592,#1593);
#1592 = CARTESIAN_POINT('',(20.5,9.895));
#1593 = DIRECTION('',(1.,0.));
#1594 = ( GEOMETRIC_REPRESENTATION_CONTEXT(2) 
PARAMETRIC_REPRESENTATION_CONTEXT() REPRESENTATION_CONTEXT('2D SPACE',''
  ) );
#1595 = ADVANCED_FACE('',(#1596),#717,.F.);
#1596 = FACE_BOUND('',#1597,.F.);
#1597 = EDGE_LOOP('',(#1598,#1631,#1652,#1653));
#1598 = ORIENTED_EDGE('',*,*,#1599,.F.);
#1599 = EDGE_CURVE('',#1600,#1600,#1602,.T.);
#1600 = VERTEX_POINT('',#1601);
#1601 = CARTESIAN_POINT('',(2.04,9.895,-4.996558940521E-16));
#1602 = SURFACE_CURVE('',#1603,(#1608,#1615),.PCURVE_S1.);
#1603 = CIRCLE('',#1604,2.04);
#1604 = AXIS2_PLACEMENT_3D('',#1605,#1606,#1607);
#1605 = CARTESIAN_POINT('',(0.,9.895,0.));
#1606 = DIRECTION('',(0.,-1.,0.));
#1607 = DIRECTION('',(1.,0.,0.));
#1608 = PCURVE('',#717,#1609);
#1609 = DEFINITIONAL_REPRESENTATION('',(#1610),#1614);
#1610 = LINE('',#1611,#1612);
#1611 = CARTESIAN_POINT('',(0.,6.5));
#1612 = VECTOR('',#1613,1.);
#1613 = DIRECTION('',(1.,0.));
#1614 = ( GEOMETRIC_REPRESENTATION_CONTEXT(2) 
PARAMETRIC_REPRESENTATION_CONTEXT() REPRESENTATION_CONTEXT('2D SPACE',''
  ) );
#1615 = PCURVE('',#1616,#1621);
#1616 = PLANE('',#1617);
#1617 = AXIS2_PLACEMENT_3D('',#1618,#1619,#1620);
#1618 = CARTESIAN_POINT('',(-10.35,9.895,-4.45));
#1619 = DIRECTION('',(0.,1.,0.));
#1620 = DIRECTION('',(0.,0.,1.));
#1621 = DEFINITIONAL_REPRESENTATION('',(#1622),#1630);
#1622 = ( BOUNDED_CURVE() B_SPLINE_CURVE(2,(#1623,#1624,#1625,#1626,
#1627,#1628,#1629),.UNSPECIFIED.,.T.,.F.) B_SPLINE_CURVE_WITH_KNOTS((1,2
    ,2,2,2,1),(-2.094395102393,0.,2.094395102393,4.188790204786,
6.28318530718,8.377580409573),.UNSPECIFIED.) CURVE() 
GEOMETRIC_REPRESENTATION_ITEM() RATIONAL_B_SPLINE_CURVE((1.,0.5,1.,0.5,
1.,0.5,1.)) REPRESENTATION_ITEM('') );
#1623 = CARTESIAN_POINT('',(4.45,12.39));
#1624 = CARTESIAN_POINT('',(7.983383647441,12.39));
#1625 = CARTESIAN_POINT('',(6.21669182372,9.33));
#1626 = CARTESIAN_POINT('',(4.45,6.27));
#1627 = CARTESIAN_POINT('',(2.68330817628,9.33));
#1628 = CARTESIAN_POINT('',(0.916616352559,12.39));
#1629 = CARTESIAN_POINT('',(4.45,12.39));
#1630 = ( GEOMETRIC_REPRESENTATION_CONTEXT(2) 
PARAMETRIC_REPRESENTATION_CONTEXT() REPRESENTATION_CONTEXT('2D SPACE',''
  ) );
#1631 = ORIENTED_EDGE('',*,*,#1632,.F.);
#1632 = EDGE_CURVE('',#697,#1600,#1633,.T.);
#1633 = SEAM_CURVE('',#1634,(#1638,#1645),.PCURVE_S1.);
#1634 = LINE('',#1635,#1636);
#1635 = CARTESIAN_POINT('',(2.04,16.395,-4.996558940521E-16));
#1636 = VECTOR('',#1637,1.);
#1637 = DIRECTION('',(0.,-1.,0.));
#1638 = PCURVE('',#717,#1639);
#1639 = DEFINITIONAL_REPRESENTATION('',(#1640),#1644);
#1640 = LINE('',#1641,#1642);
#1641 = CARTESIAN_POINT('',(6.28318530718,-0.));
#1642 = VECTOR('',#1643,1.);
#1643 = DIRECTION('',(0.,1.));
#1644 = ( GEOMETRIC_REPRESENTATION_CONTEXT(2) 
PARAMETRIC_REPRESENTATION_CONTEXT() REPRESENTATION_CONTEXT('2D SPACE',''
  ) );
#1645 = PCURVE('',#717,#1646);
#1646 = DEFINITIONAL_REPRESENTATION('',(#1647),#1651);
#1647 = LINE('',#1648,#1649);
#1648 = CARTESIAN_POINT('',(0.,-0.));
#1649 = VECTOR('',#1650,1.);
#1650 = DIRECTION('',(0.,1.));
#1651 = ( GEOMETRIC_REPRESENTATION_CONTEXT(2) 
PARAMETRIC_REPRESENTATION_CONTEXT() REPRESENTATION_CONTEXT('2D SPACE',''
  ) );
#1652 = ORIENTED_EDGE('',*,*,#696,.T.);
#1653 = ORIENTED_EDGE('',*,*,#1632,.T.);
#1654 = ADVANCED_FACE('',(#1655),#830,.T.);
#1655 = FACE_BOUND('',#1656,.T.);
#1656 = EDGE_LOOP('',(#1657,#1658,#1659,#1660));
#1657 = ORIENTED_EDGE('',*,*,#926,.F.);
#1658 = ORIENTED_EDGE('',*,*,#816,.T.);
#1659 = ORIENTED_EDGE('',*,*,#1189,.T.);
#1660 = ORIENTED_EDGE('',*,*,#1661,.F.);
#1661 = EDGE_CURVE('',#899,#1167,#1662,.T.);
#1662 = SURFACE_CURVE('',#1663,(#1667,#1674),.PCURVE_S1.);
#1663 = LINE('',#1664,#1665);
#1664 = CARTESIAN_POINT('',(32.5,-11.395,-1.));
#1665 = VECTOR('',#1666,1.);
#1666 = DIRECTION('',(0.,0.,1.));
#1667 = PCURVE('',#830,#1668);
#1668 = DEFINITIONAL_REPRESENTATION('',(#1669),#1673);
#1669 = LINE('',#1670,#1671);
#1670 = CARTESIAN_POINT('',(0.,55.));
#1671 = VECTOR('',#1672,1.);
#1672 = DIRECTION('',(1.,0.));
#1673 = ( GEOMETRIC_REPRESENTATION_CONTEXT(2) 
PARAMETRIC_REPRESENTATION_CONTEXT() REPRESENTATION_CONTEXT('2D SPACE',''
  ) );
#1674 = PCURVE('',#914,#1675);
#1675 = DEFINITIONAL_REPRESENTATION('',(#1676),#1680);
#1676 = LINE('',#1677,#1678);
#1677 = CARTESIAN_POINT('',(0.,-90.));
#1678 = VECTOR('',#1679,1.);
#1679 = DIRECTION('',(1.,0.));
#1680 = ( GEOMETRIC_REPRESENTATION_CONTEXT(2) 
PARAMETRIC_REPRESENTATION_CONTEXT() REPRESENTATION_CONTEXT('2D SPACE',''
  ) );
#1681 = ADVANCED_FACE('',(#1682),#962,.T.);
#1682 = FACE_BOUND('',#1683,.T.);
#1683 = EDGE_LOOP('',(#1684,#1685,#1686,#1687,#1688));
#1684 = ORIENTED_EDGE('',*,*,#948,.F.);
#1685 = ORIENTED_EDGE('',*,*,#1030,.F.);
#1686 = ORIENTED_EDGE('',*,*,#1211,.T.);
#1687 = ORIENTED_EDGE('',*,*,#1057,.F.);
#1688 = ORIENTED_EDGE('',*,*,#1003,.F.);
#1689 = ADVANCED_FACE('',(#1690),#914,.T.);
#1690 = FACE_BOUND('',#1691,.T.);
#1691 = EDGE_LOOP('',(#1692,#1712,#1713,#1714));
#1692 = ORIENTED_EDGE('',*,*,#1693,.F.);
#1693 = EDGE_CURVE('',#870,#1143,#1694,.T.);
#1694 = SURFACE_CURVE('',#1695,(#1699,#1706),.PCURVE_S1.);
#1695 = LINE('',#1696,#1697);
#1696 = CARTESIAN_POINT('',(32.5,-101.395,-1.));
#1697 = VECTOR('',#1698,1.);
#1698 = DIRECTION('',(0.,0.,1.));
#1699 = PCURVE('',#914,#1700);
#1700 = DEFINITIONAL_REPRESENTATION('',(#1701),#1705);
#1701 = LINE('',#1702,#1703);
#1702 = CARTESIAN_POINT('',(0.,0.));
#1703 = VECTOR('',#1704,1.);
#1704 = DIRECTION('',(1.,0.));
#1705 = ( GEOMETRIC_REPRESENTATION_CONTEXT(2) 
PARAMETRIC_REPRESENTATION_CONTEXT() REPRESENTATION_CONTEXT('2D SPACE',''
  ) );
#1706 = PCURVE('',#886,#1707);
#1707 = DEFINITIONAL_REPRESENTATION('',(#1708),#1711);
#1708 = B_SPLINE_CURVE_WITH_KNOTS('',1,(#1709,#1710),.UNSPECIFIED.,.F.,
  .F.,(2,2),(0.,2.),.PIECEWISE_BEZIER_KNOTS.);
#1709 = CARTESIAN_POINT('',(6.28318530718,0.));
#1710 = CARTESIAN_POINT('',(6.28318530718,2.));
#1711 = ( GEOMETRIC_REPRESENTATION_CONTEXT(2) 
PARAMETRIC_REPRESENTATION_CONTEXT() REPRESENTATION_CONTEXT('2D SPACE',''
  ) );
#1712 = ORIENTED_EDGE('',*,*,#898,.T.);
#1713 = ORIENTED_EDGE('',*,*,#1661,.T.);
#1714 = ORIENTED_EDGE('',*,*,#1166,.F.);
#1715 = ADVANCED_FACE('',(#1716,#1810),#1099,.T.);
#1716 = FACE_BOUND('',#1717,.T.);
#1717 = EDGE_LOOP('',(#1718,#1743,#1766,#1789));
#1718 = ORIENTED_EDGE('',*,*,#1719,.F.);
#1719 = EDGE_CURVE('',#1720,#1722,#1724,.T.);
#1720 = VERTEX_POINT('',#1721);
#1721 = CARTESIAN_POINT('',(-10.35,-9.895,-4.45));
#1722 = VERTEX_POINT('',#1723);
#1723 = CARTESIAN_POINT('',(10.35,-9.895,-4.45));
#1724 = SURFACE_CURVE('',#1725,(#1729,#1736),.PCURVE_S1.);
#1725 = LINE('',#1726,#1727);
#1726 = CARTESIAN_POINT('',(-10.35,-9.895,-4.45));
#1727 = VECTOR('',#1728,1.);
#1728 = DIRECTION('',(1.,0.,0.));
#1729 = PCURVE('',#1099,#1730);
#1730 = DEFINITIONAL_REPRESENTATION('',(#1731),#1735);
#1731 = LINE('',#1732,#1733);
#1732 = CARTESIAN_POINT('',(0.,0.));
#1733 = VECTOR('',#1734,1.);
#1734 = DIRECTION('',(0.,1.));
#1735 = ( GEOMETRIC_REPRESENTATION_CONTEXT(2) 
PARAMETRIC_REPRESENTATION_CONTEXT() REPRESENTATION_CONTEXT('2D SPACE',''
  ) );
#1736 = PCURVE('',#1359,#1737);
#1737 = DEFINITIONAL_REPRESENTATION('',(#1738),#1742);
#1738 = LINE('',#1739,#1740);
#1739 = CARTESIAN_POINT('',(0.,0.));
#1740 = VECTOR('',#1741,1.);
#1741 = DIRECTION('',(1.,0.));
#1742 = ( GEOMETRIC_REPRESENTATION_CONTEXT(2) 
PARAMETRIC_REPRESENTATION_CONTEXT() REPRESENTATION_CONTEXT('2D SPACE',''
  ) );
#1743 = ORIENTED_EDGE('',*,*,#1744,.T.);
#1744 = EDGE_CURVE('',#1720,#1745,#1747,.T.);
#1745 = VERTEX_POINT('',#1746);
#1746 = CARTESIAN_POINT('',(-10.35,-9.895,4.45));
#1747 = SURFACE_CURVE('',#1748,(#1752,#1759),.PCURVE_S1.);
#1748 = LINE('',#1749,#1750);
#1749 = CARTESIAN_POINT('',(-10.35,-9.895,-4.45));
#1750 = VECTOR('',#1751,1.);
#1751 = DIRECTION('',(0.,0.,1.));
#1752 = PCURVE('',#1099,#1753);
#1753 = DEFINITIONAL_REPRESENTATION('',(#1754),#1758);
#1754 = LINE('',#1755,#1756);
#1755 = CARTESIAN_POINT('',(0.,0.));
#1756 = VECTOR('',#1757,1.);
#1757 = DIRECTION('',(1.,0.));
#1758 = ( GEOMETRIC_REPRESENTATION_CONTEXT(2) 
PARAMETRIC_REPRESENTATION_CONTEXT() REPRESENTATION_CONTEXT('2D SPACE',''
  ) );
#1759 = PCURVE('',#1433,#1760);
#1760 = DEFINITIONAL_REPRESENTATION('',(#1761),#1765);
#1761 = LINE('',#1762,#1763);
#1762 = CARTESIAN_POINT('',(0.,0.));
#1763 = VECTOR('',#1764,1.);
#1764 = DIRECTION('',(1.,0.));
#1765 = ( GEOMETRIC_REPRESENTATION_CONTEXT(2) 
PARAMETRIC_REPRESENTATION_CONTEXT() REPRESENTATION_CONTEXT('2D SPACE',''
  ) );
#1766 = ORIENTED_EDGE('',*,*,#1767,.T.);
#1767 = EDGE_CURVE('',#1745,#1768,#1770,.T.);
#1768 = VERTEX_POINT('',#1769);
#1769 = CARTESIAN_POINT('',(10.35,-9.895,4.45));
#1770 = SURFACE_CURVE('',#1771,(#1775,#1782),.PCURVE_S1.);
#1771 = LINE('',#1772,#1773);
#1772 = CARTESIAN_POINT('',(-10.35,-9.895,4.45));
#1773 = VECTOR('',#1774,1.);
#1774 = DIRECTION('',(1.,0.,0.));
#1775 = PCURVE('',#1099,#1776);
#1776 = DEFINITIONAL_REPRESENTATION('',(#1777),#1781);
#1777 = LINE('',#1778,#1779);
#1778 = CARTESIAN_POINT('',(8.9,0.));
#1779 = VECTOR('',#1780,1.);
#1780 = DIRECTION('',(0.,1.));
#1781 = ( GEOMETRIC_REPRESENTATION_CONTEXT(2) 
PARAMETRIC_REPRESENTATION_CONTEXT() REPRESENTATION_CONTEXT('2D SPACE',''
  ) );
#1782 = PCURVE('',#1304,#1783);
#1783 = DEFINITIONAL_REPRESENTATION('',(#1784),#1788);
#1784 = LINE('',#1785,#1786);
#1785 = CARTESIAN_POINT('',(0.,0.));
#1786 = VECTOR('',#1787,1.);
#1787 = DIRECTION('',(1.,0.));
#1788 = ( GEOMETRIC_REPRESENTATION_CONTEXT(2) 
PARAMETRIC_REPRESENTATION_CONTEXT() REPRESENTATION_CONTEXT('2D SPACE',''
  ) );
#1789 = ORIENTED_EDGE('',*,*,#1790,.F.);
#1790 = EDGE_CURVE('',#1722,#1768,#1791,.T.);
#1791 = SURFACE_CURVE('',#1792,(#1796,#1803),.PCURVE_S1.);
#1792 = LINE('',#1793,#1794);
#1793 = CARTESIAN_POINT('',(10.35,-9.895,-4.45));
#1794 = VECTOR('',#1795,1.);
#1795 = DIRECTION('',(0.,0.,1.));
#1796 = PCURVE('',#1099,#1797);
#1797 = DEFINITIONAL_REPRESENTATION('',(#1798),#1802);
#1798 = LINE('',#1799,#1800);
#1799 = CARTESIAN_POINT('',(0.,20.7));
#1800 = VECTOR('',#1801,1.);
#1801 = DIRECTION('',(1.,0.));
#1802 = ( GEOMETRIC_REPRESENTATION_CONTEXT(2) 
PARAMETRIC_REPRESENTATION_CONTEXT() REPRESENTATION_CONTEXT('2D SPACE',''
  ) );
#1803 = PCURVE('',#1563,#1804);
#1804 = DEFINITIONAL_REPRESENTATION('',(#1805),#1809);
#1805 = LINE('',#1806,#1807);
#1806 = CARTESIAN_POINT('',(0.,0.));
#1807 = VECTOR('',#1808,1.);
#1808 = DIRECTION('',(1.,0.));
#1809 = ( GEOMETRIC_REPRESENTATION_CONTEXT(2) 
PARAMETRIC_REPRESENTATION_CONTEXT() REPRESENTATION_CONTEXT('2D SPACE',''
  ) );
#1810 = FACE_BOUND('',#1811,.T.);
#1811 = EDGE_LOOP('',(#1812));
#1812 = ORIENTED_EDGE('',*,*,#1084,.T.);
#1813 = ADVANCED_FACE('',(#1814),#886,.T.);
#1814 = FACE_BOUND('',#1815,.T.);
#1815 = EDGE_LOOP('',(#1816,#1817,#1818,#1819));
#1816 = ORIENTED_EDGE('',*,*,#1693,.T.);
#1817 = ORIENTED_EDGE('',*,*,#1142,.F.);
#1818 = ORIENTED_EDGE('',*,*,#1236,.F.);
#1819 = ORIENTED_EDGE('',*,*,#869,.T.);
#1820 = ADVANCED_FACE('',(#1821),#1304,.F.);
#1821 = FACE_BOUND('',#1822,.F.);
#1822 = EDGE_LOOP('',(#1823,#1844,#1845,#1866,#1867,#1890,#1913,#1934,
    #1935));
#1823 = ORIENTED_EDGE('',*,*,#1824,.F.);
#1824 = EDGE_CURVE('',#1745,#1419,#1825,.T.);
#1825 = SURFACE_CURVE('',#1826,(#1830,#1837),.PCURVE_S1.);
#1826 = LINE('',#1827,#1828);
#1827 = CARTESIAN_POINT('',(-10.35,-9.895,4.45));
#1828 = VECTOR('',#1829,1.);
#1829 = DIRECTION('',(0.,1.,0.));
#1830 = PCURVE('',#1304,#1831);
#1831 = DEFINITIONAL_REPRESENTATION('',(#1832),#1836);
#1832 = LINE('',#1833,#1834);
#1833 = CARTESIAN_POINT('',(0.,0.));
#1834 = VECTOR('',#1835,1.);
#1835 = DIRECTION('',(0.,1.));
#1836 = ( GEOMETRIC_REPRESENTATION_CONTEXT(2) 
PARAMETRIC_REPRESENTATION_CONTEXT() REPRESENTATION_CONTEXT('2D SPACE',''
  ) );
#1837 = PCURVE('',#1433,#1838);
#1838 = DEFINITIONAL_REPRESENTATION('',(#1839),#1843);
#1839 = LINE('',#1840,#1841);
#1840 = CARTESIAN_POINT('',(8.9,0.));
#1841 = VECTOR('',#1842,1.);
#1842 = DIRECTION('',(0.,-1.));
#1843 = ( GEOMETRIC_REPRESENTATION_CONTEXT(2) 
PARAMETRIC_REPRESENTATION_CONTEXT() REPRESENTATION_CONTEXT('2D SPACE',''
  ) );
#1844 = ORIENTED_EDGE('',*,*,#1767,.T.);
#1845 = ORIENTED_EDGE('',*,*,#1846,.T.);
#1846 = EDGE_CURVE('',#1768,#1525,#1847,.T.);
#1847 = SURFACE_CURVE('',#1848,(#1852,#1859),.PCURVE_S1.);
#1848 = LINE('',#1849,#1850);
#1849 = CARTESIAN_POINT('',(10.35,-9.895,4.45));
#1850 = VECTOR('',#1851,1.);
#1851 = DIRECTION('',(0.,1.,0.));
#1852 = PCURVE('',#1304,#1853);
#1853 = DEFINITIONAL_REPRESENTATION('',(#1854),#1858);
#1854 = LINE('',#1855,#1856);
#1855 = CARTESIAN_POINT('',(20.7,0.));
#1856 = VECTOR('',#1857,1.);
#1857 = DIRECTION('',(0.,1.));
#1858 = ( GEOMETRIC_REPRESENTATION_CONTEXT(2) 
PARAMETRIC_REPRESENTATION_CONTEXT() REPRESENTATION_CONTEXT('2D SPACE',''
  ) );
#1859 = PCURVE('',#1563,#1860);
#1860 = DEFINITIONAL_REPRESENTATION('',(#1861),#1865);
#1861 = LINE('',#1862,#1863);
#1862 = CARTESIAN_POINT('',(8.9,0.));
#1863 = VECTOR('',#1864,1.);
#1864 = DIRECTION('',(0.,-1.));
#1865 = ( GEOMETRIC_REPRESENTATION_CONTEXT(2) 
PARAMETRIC_REPRESENTATION_CONTEXT() REPRESENTATION_CONTEXT('2D SPACE',''
  ) );
#1866 = ORIENTED_EDGE('',*,*,#1524,.F.);
#1867 = ORIENTED_EDGE('',*,*,#1868,.T.);
#1868 = EDGE_CURVE('',#1499,#1869,#1871,.T.);
#1869 = VERTEX_POINT('',#1870);
#1870 = CARTESIAN_POINT('',(10.35,9.895,4.45));
#1871 = SURFACE_CURVE('',#1872,(#1876,#1883),.PCURVE_S1.);
#1872 = LINE('',#1873,#1874);
#1873 = CARTESIAN_POINT('',(10.35,-9.895,4.45));
#1874 = VECTOR('',#1875,1.);
#1875 = DIRECTION('',(0.,1.,0.));
#1876 = PCURVE('',#1304,#1877);
#1877 = DEFINITIONAL_REPRESENTATION('',(#1878),#1882);
#1878 = LINE('',#1879,#1880);
#1879 = CARTESIAN_POINT('',(20.7,0.));
#1880 = VECTOR('',#1881,1.);
#1881 = DIRECTION('',(0.,1.));
#1882 = ( GEOMETRIC_REPRESENTATION_CONTEXT(2) 
PARAMETRIC_REPRESENTATION_CONTEXT() REPRESENTATION_CONTEXT('2D SPACE',''
  ) );
#1883 = PCURVE('',#1513,#1884);
#1884 = DEFINITIONAL_REPRESENTATION('',(#1885),#1889);
#1885 = LINE('',#1886,#1887);
#1886 = CARTESIAN_POINT('',(8.9,0.));
#1887 = VECTOR('',#1888,1.);
#1888 = DIRECTION('',(0.,-1.));
#1889 = ( GEOMETRIC_REPRESENTATION_CONTEXT(2) 
PARAMETRIC_REPRESENTATION_CONTEXT() REPRESENTATION_CONTEXT('2D SPACE',''
  ) );
#1890 = ORIENTED_EDGE('',*,*,#1891,.F.);
#1891 = EDGE_CURVE('',#1892,#1869,#1894,.T.);
#1892 = VERTEX_POINT('',#1893);
#1893 = CARTESIAN_POINT('',(-10.35,9.895,4.45));
#1894 = SURFACE_CURVE('',#1895,(#1899,#1906),.PCURVE_S1.);
#1895 = LINE('',#1896,#1897);
#1896 = CARTESIAN_POINT('',(-10.35,9.895,4.45));
#1897 = VECTOR('',#1898,1.);
#1898 = DIRECTION('',(1.,0.,0.));
#1899 = PCURVE('',#1304,#1900);
#1900 = DEFINITIONAL_REPRESENTATION('',(#1901),#1905);
#1901 = LINE('',#1902,#1903);
#1902 = CARTESIAN_POINT('',(0.,19.79));
#1903 = VECTOR('',#1904,1.);
#1904 = DIRECTION('',(1.,0.));
#1905 = ( GEOMETRIC_REPRESENTATION_CONTEXT(2) 
PARAMETRIC_REPRESENTATION_CONTEXT() REPRESENTATION_CONTEXT('2D SPACE',''
  ) );
#1906 = PCURVE('',#1616,#1907);
#1907 = DEFINITIONAL_REPRESENTATION('',(#1908),#1912);
#1908 = LINE('',#1909,#1910);
#1909 = CARTESIAN_POINT('',(8.9,0.));
#1910 = VECTOR('',#1911,1.);
#1911 = DIRECTION('',(0.,1.));
#1912 = ( GEOMETRIC_REPRESENTATION_CONTEXT(2) 
PARAMETRIC_REPRESENTATION_CONTEXT() REPRESENTATION_CONTEXT('2D SPACE',''
  ) );
#1913 = ORIENTED_EDGE('',*,*,#1914,.F.);
#1914 = EDGE_CURVE('',#1288,#1892,#1915,.T.);
#1915 = SURFACE_CURVE('',#1916,(#1920,#1927),.PCURVE_S1.);
#1916 = LINE('',#1917,#1918);
#1917 = CARTESIAN_POINT('',(-10.35,-9.895,4.45));
#1918 = VECTOR('',#1919,1.);
#1919 = DIRECTION('',(0.,1.,0.));
#1920 = PCURVE('',#1304,#1921);
#1921 = DEFINITIONAL_REPRESENTATION('',(#1922),#1926);
#1922 = LINE('',#1923,#1924);
#1923 = CARTESIAN_POINT('',(0.,0.));
#1924 = VECTOR('',#1925,1.);
#1925 = DIRECTION('',(0.,1.));
#1926 = ( GEOMETRIC_REPRESENTATION_CONTEXT(2) 
PARAMETRIC_REPRESENTATION_CONTEXT() REPRESENTATION_CONTEXT('2D SPACE',''
  ) );
#1927 = PCURVE('',#1331,#1928);
#1928 = DEFINITIONAL_REPRESENTATION('',(#1929),#1933);
#1929 = LINE('',#1930,#1931);
#1930 = CARTESIAN_POINT('',(8.9,0.));
#1931 = VECTOR('',#1932,1.);
#1932 = DIRECTION('',(0.,-1.));
#1933 = ( GEOMETRIC_REPRESENTATION_CONTEXT(2) 
PARAMETRIC_REPRESENTATION_CONTEXT() REPRESENTATION_CONTEXT('2D SPACE',''
  ) );
#1934 = ORIENTED_EDGE('',*,*,#1287,.F.);
#1935 = ORIENTED_EDGE('',*,*,#1444,.F.);
#1936 = ADVANCED_FACE('',(#1937),#1433,.T.);
#1937 = FACE_BOUND('',#1938,.T.);
#1938 = EDGE_LOOP('',(#1939,#1940,#1941,#1962));
#1939 = ORIENTED_EDGE('',*,*,#1824,.F.);
#1940 = ORIENTED_EDGE('',*,*,#1744,.F.);
#1941 = ORIENTED_EDGE('',*,*,#1942,.T.);
#1942 = EDGE_CURVE('',#1720,#1395,#1943,.T.);
#1943 = SURFACE_CURVE('',#1944,(#1948,#1955),.PCURVE_S1.);
#1944 = LINE('',#1945,#1946);
#1945 = CARTESIAN_POINT('',(-10.35,-9.895,-4.45));
#1946 = VECTOR('',#1947,1.);
#1947 = DIRECTION('',(0.,1.,0.));
#1948 = PCURVE('',#1433,#1949);
#1949 = DEFINITIONAL_REPRESENTATION('',(#1950),#1954);
#1950 = LINE('',#1951,#1952);
#1951 = CARTESIAN_POINT('',(0.,0.));
#1952 = VECTOR('',#1953,1.);
#1953 = DIRECTION('',(0.,-1.));
#1954 = ( GEOMETRIC_REPRESENTATION_CONTEXT(2) 
PARAMETRIC_REPRESENTATION_CONTEXT() REPRESENTATION_CONTEXT('2D SPACE',''
  ) );
#1955 = PCURVE('',#1359,#1956);
#1956 = DEFINITIONAL_REPRESENTATION('',(#1957),#1961);
#1957 = LINE('',#1958,#1959);
#1958 = CARTESIAN_POINT('',(0.,0.));
#1959 = VECTOR('',#1960,1.);
#1960 = DIRECTION('',(0.,1.));
#1961 = ( GEOMETRIC_REPRESENTATION_CONTEXT(2) 
PARAMETRIC_REPRESENTATION_CONTEXT() REPRESENTATION_CONTEXT('2D SPACE',''
  ) );
#1962 = ORIENTED_EDGE('',*,*,#1418,.T.);
#1963 = ADVANCED_FACE('',(#1964),#1359,.T.);
#1964 = FACE_BOUND('',#1965,.T.);
#1965 = EDGE_LOOP('',(#1966,#1967,#1968,#1989,#1990,#2013,#2036,#2057,
    #2058));
#1966 = ORIENTED_EDGE('',*,*,#1942,.F.);
#1967 = ORIENTED_EDGE('',*,*,#1719,.T.);
#1968 = ORIENTED_EDGE('',*,*,#1969,.T.);
#1969 = EDGE_CURVE('',#1722,#1549,#1970,.T.);
#1970 = SURFACE_CURVE('',#1971,(#1975,#1982),.PCURVE_S1.);
#1971 = LINE('',#1972,#1973);
#1972 = CARTESIAN_POINT('',(10.35,-9.895,-4.45));
#1973 = VECTOR('',#1974,1.);
#1974 = DIRECTION('',(0.,1.,0.));
#1975 = PCURVE('',#1359,#1976);
#1976 = DEFINITIONAL_REPRESENTATION('',(#1977),#1981);
#1977 = LINE('',#1978,#1979);
#1978 = CARTESIAN_POINT('',(20.7,0.));
#1979 = VECTOR('',#1980,1.);
#1980 = DIRECTION('',(0.,1.));
#1981 = ( GEOMETRIC_REPRESENTATION_CONTEXT(2) 
PARAMETRIC_REPRESENTATION_CONTEXT() REPRESENTATION_CONTEXT('2D SPACE',''
  ) );
#1982 = PCURVE('',#1563,#1983);
#1983 = DEFINITIONAL_REPRESENTATION('',(#1984),#1988);
#1984 = LINE('',#1985,#1986);
#1985 = CARTESIAN_POINT('',(0.,0.));
#1986 = VECTOR('',#1987,1.);
#1987 = DIRECTION('',(0.,-1.));
#1988 = ( GEOMETRIC_REPRESENTATION_CONTEXT(2) 
PARAMETRIC_REPRESENTATION_CONTEXT() REPRESENTATION_CONTEXT('2D SPACE',''
  ) );
#1989 = ORIENTED_EDGE('',*,*,#1574,.F.);
#1990 = ORIENTED_EDGE('',*,*,#1991,.T.);
#1991 = EDGE_CURVE('',#1497,#1992,#1994,.T.);
#1992 = VERTEX_POINT('',#1993);
#1993 = CARTESIAN_POINT('',(10.35,9.895,-4.45));
#1994 = SURFACE_CURVE('',#1995,(#1999,#2006),.PCURVE_S1.);
#1995 = LINE('',#1996,#1997);
#1996 = CARTESIAN_POINT('',(10.35,-9.895,-4.45));
#1997 = VECTOR('',#1998,1.);
#1998 = DIRECTION('',(0.,1.,0.));
#1999 = PCURVE('',#1359,#2000);
#2000 = DEFINITIONAL_REPRESENTATION('',(#2001),#2005);
#2001 = LINE('',#2002,#2003);
#2002 = CARTESIAN_POINT('',(20.7,0.));
#2003 = VECTOR('',#2004,1.);
#2004 = DIRECTION('',(0.,1.));
#2005 = ( GEOMETRIC_REPRESENTATION_CONTEXT(2) 
PARAMETRIC_REPRESENTATION_CONTEXT() REPRESENTATION_CONTEXT('2D SPACE',''
  ) );
#2006 = PCURVE('',#1513,#2007);
#2007 = DEFINITIONAL_REPRESENTATION('',(#2008),#2012);
#2008 = LINE('',#2009,#2010);
#2009 = CARTESIAN_POINT('',(0.,0.));
#2010 = VECTOR('',#2011,1.);
#2011 = DIRECTION('',(0.,-1.));
#2012 = ( GEOMETRIC_REPRESENTATION_CONTEXT(2) 
PARAMETRIC_REPRESENTATION_CONTEXT() REPRESENTATION_CONTEXT('2D SPACE',''
  ) );
#2013 = ORIENTED_EDGE('',*,*,#2014,.F.);
#2014 = EDGE_CURVE('',#2015,#1992,#2017,.T.);
#2015 = VERTEX_POINT('',#2016);
#2016 = CARTESIAN_POINT('',(-10.35,9.895,-4.45));
#2017 = SURFACE_CURVE('',#2018,(#2022,#2029),.PCURVE_S1.);
#2018 = LINE('',#2019,#2020);
#2019 = CARTESIAN_POINT('',(-10.35,9.895,-4.45));
#2020 = VECTOR('',#2021,1.);
#2021 = DIRECTION('',(1.,0.,0.));
#2022 = PCURVE('',#1359,#2023);
#2023 = DEFINITIONAL_REPRESENTATION('',(#2024),#2028);
#2024 = LINE('',#2025,#2026);
#2025 = CARTESIAN_POINT('',(0.,19.79));
#2026 = VECTOR('',#2027,1.);
#2027 = DIRECTION('',(1.,0.));
#2028 = ( GEOMETRIC_REPRESENTATION_CONTEXT(2) 
PARAMETRIC_REPRESENTATION_CONTEXT() REPRESENTATION_CONTEXT('2D SPACE',''
  ) );
#2029 = PCURVE('',#1616,#2030);
#2030 = DEFINITIONAL_REPRESENTATION('',(#2031),#2035);
#2031 = LINE('',#2032,#2033);
#2032 = CARTESIAN_POINT('',(0.,0.));
#2033 = VECTOR('',#2034,1.);
#2034 = DIRECTION('',(0.,1.));
#2035 = ( GEOMETRIC_REPRESENTATION_CONTEXT(2) 
PARAMETRIC_REPRESENTATION_CONTEXT() REPRESENTATION_CONTEXT('2D SPACE',''
  ) );
#2036 = ORIENTED_EDGE('',*,*,#2037,.F.);
#2037 = EDGE_CURVE('',#1317,#2015,#2038,.T.);
#2038 = SURFACE_CURVE('',#2039,(#2043,#2050),.PCURVE_S1.);
#2039 = LINE('',#2040,#2041);
#2040 = CARTESIAN_POINT('',(-10.35,-9.895,-4.45));
#2041 = VECTOR('',#2042,1.);
#2042 = DIRECTION('',(0.,1.,0.));
#2043 = PCURVE('',#1359,#2044);
#2044 = DEFINITIONAL_REPRESENTATION('',(#2045),#2049);
#2045 = LINE('',#2046,#2047);
#2046 = CARTESIAN_POINT('',(0.,0.));
#2047 = VECTOR('',#2048,1.);
#2048 = DIRECTION('',(0.,1.));
#2049 = ( GEOMETRIC_REPRESENTATION_CONTEXT(2) 
PARAMETRIC_REPRESENTATION_CONTEXT() REPRESENTATION_CONTEXT('2D SPACE',''
  ) );
#2050 = PCURVE('',#1331,#2051);
#2051 = DEFINITIONAL_REPRESENTATION('',(#2052),#2056);
#2052 = LINE('',#2053,#2054);
#2053 = CARTESIAN_POINT('',(0.,0.));
#2054 = VECTOR('',#2055,1.);
#2055 = DIRECTION('',(0.,-1.));
#2056 = ( GEOMETRIC_REPRESENTATION_CONTEXT(2) 
PARAMETRIC_REPRESENTATION_CONTEXT() REPRESENTATION_CONTEXT('2D SPACE',''
  ) );
#2057 = ORIENTED_EDGE('',*,*,#1342,.F.);
#2058 = ORIENTED_EDGE('',*,*,#1394,.F.);
#2059 = ADVANCED_FACE('',(#2060),#1331,.T.);
#2060 = FACE_BOUND('',#2061,.T.);
#2061 = EDGE_LOOP('',(#2062,#2063,#2064,#2065));
#2062 = ORIENTED_EDGE('',*,*,#1914,.F.);
#2063 = ORIENTED_EDGE('',*,*,#1316,.F.);
#2064 = ORIENTED_EDGE('',*,*,#2037,.T.);
#2065 = ORIENTED_EDGE('',*,*,#2066,.T.);
#2066 = EDGE_CURVE('',#2015,#1892,#2067,.T.);
#2067 = SURFACE_CURVE('',#2068,(#2072,#2079),.PCURVE_S1.);
#2068 = LINE('',#2069,#2070);
#2069 = CARTESIAN_POINT('',(-10.35,9.895,-4.45));
#2070 = VECTOR('',#2071,1.);
#2071 = DIRECTION('',(0.,0.,1.));
#2072 = PCURVE('',#1331,#2073);
#2073 = DEFINITIONAL_REPRESENTATION('',(#2074),#2078);
#2074 = LINE('',#2075,#2076);
#2075 = CARTESIAN_POINT('',(0.,-19.79));
#2076 = VECTOR('',#2077,1.);
#2077 = DIRECTION('',(1.,0.));
#2078 = ( GEOMETRIC_REPRESENTATION_CONTEXT(2) 
PARAMETRIC_REPRESENTATION_CONTEXT() REPRESENTATION_CONTEXT('2D SPACE',''
  ) );
#2079 = PCURVE('',#1616,#2080);
#2080 = DEFINITIONAL_REPRESENTATION('',(#2081),#2085);
#2081 = LINE('',#2082,#2083);
#2082 = CARTESIAN_POINT('',(0.,0.));
#2083 = VECTOR('',#2084,1.);
#2084 = DIRECTION('',(1.,0.));
#2085 = ( GEOMETRIC_REPRESENTATION_CONTEXT(2) 
PARAMETRIC_REPRESENTATION_CONTEXT() REPRESENTATION_CONTEXT('2D SPACE',''
  ) );
#2086 = ADVANCED_FACE('',(#2087),#1513,.F.);
#2087 = FACE_BOUND('',#2088,.F.);
#2088 = EDGE_LOOP('',(#2089,#2090,#2091,#2092));
#2089 = ORIENTED_EDGE('',*,*,#1868,.F.);
#2090 = ORIENTED_EDGE('',*,*,#1496,.F.);
#2091 = ORIENTED_EDGE('',*,*,#1991,.T.);
#2092 = ORIENTED_EDGE('',*,*,#2093,.T.);
#2093 = EDGE_CURVE('',#1992,#1869,#2094,.T.);
#2094 = SURFACE_CURVE('',#2095,(#2099,#2106),.PCURVE_S1.);
#2095 = LINE('',#2096,#2097);
#2096 = CARTESIAN_POINT('',(10.35,9.895,-4.45));
#2097 = VECTOR('',#2098,1.);
#2098 = DIRECTION('',(0.,0.,1.));
#2099 = PCURVE('',#1513,#2100);
#2100 = DEFINITIONAL_REPRESENTATION('',(#2101),#2105);
#2101 = LINE('',#2102,#2103);
#2102 = CARTESIAN_POINT('',(0.,-19.79));
#2103 = VECTOR('',#2104,1.);
#2104 = DIRECTION('',(1.,0.));
#2105 = ( GEOMETRIC_REPRESENTATION_CONTEXT(2) 
PARAMETRIC_REPRESENTATION_CONTEXT() REPRESENTATION_CONTEXT('2D SPACE',''
  ) );
#2106 = PCURVE('',#1616,#2107);
#2107 = DEFINITIONAL_REPRESENTATION('',(#2108),#2112);
#2108 = LINE('',#2109,#2110);
#2109 = CARTESIAN_POINT('',(0.,20.7));
#2110 = VECTOR('',#2111,1.);
#2111 = DIRECTION('',(1.,0.));
#2112 = ( GEOMETRIC_REPRESENTATION_CONTEXT(2) 
PARAMETRIC_REPRESENTATION_CONTEXT() REPRESENTATION_CONTEXT('2D SPACE',''
  ) );
#2113 = ADVANCED_FACE('',(#2114),#1563,.F.);
#2114 = FACE_BOUND('',#2115,.F.);
#2115 = EDGE_LOOP('',(#2116,#2117,#2118,#2119));
#2116 = ORIENTED_EDGE('',*,*,#1846,.F.);
#2117 = ORIENTED_EDGE('',*,*,#1790,.F.);
#2118 = ORIENTED_EDGE('',*,*,#1969,.T.);
#2119 = ORIENTED_EDGE('',*,*,#1548,.T.);
#2120 = ADVANCED_FACE('',(#2121,#2127),#1616,.F.);
#2121 = FACE_BOUND('',#2122,.F.);
#2122 = EDGE_LOOP('',(#2123,#2124,#2125,#2126));
#2123 = ORIENTED_EDGE('',*,*,#2014,.F.);
#2124 = ORIENTED_EDGE('',*,*,#2066,.T.);
#2125 = ORIENTED_EDGE('',*,*,#1891,.T.);
#2126 = ORIENTED_EDGE('',*,*,#2093,.F.);
#2127 = FACE_BOUND('',#2128,.F.);
#2128 = EDGE_LOOP('',(#2129));
#2129 = ORIENTED_EDGE('',*,*,#1599,.T.);
#2130 = ( GEOMETRIC_REPRESENTATION_CONTEXT(3) 
GLOBAL_UNCERTAINTY_ASSIGNED_CONTEXT((#2134)) 
GLOBAL_UNIT_ASSIGNED_CONTEXT((#2131,#2132,#2133)) REPRESENTATION_CONTEXT
('Context #1','3D Context with UNIT and UNCERTAINTY') );
#2131 = ( LENGTH_UNIT() NAMED_UNIT(*) SI_UNIT(.MILLI.,.METRE.) );
#2132 = ( NAMED_UNIT(*) PLANE_ANGLE_UNIT() SI_UNIT($,.RADIAN.) );
#2133 = ( NAMED_UNIT(*) SI_UNIT($,.STERADIAN.) SOLID_ANGLE_UNIT() );
#2134 = UNCERTAINTY_MEASURE_WITH_UNIT(LENGTH_MEASURE(1.E-07),#2131,
  'distance_accuracy_value','confusion accuracy');
#2135 = PRODUCT_RELATED_PRODUCT_CATEGORY('part',$,(#7));
ENDSEC;
END-ISO-10303-21;
